filepath,binary_label,transform_label,width,height,is_corrupted
data/RRDataset_original_train_val/train/ai/Natural_Disasters_&_Accidents_000321.png,fake,original,512,512,False
data/RRDataset_original_train_val/train/ai/Political_&_Social_Events_000622.png,fake,original,1024,1024,False
data/RRDataset_original_train_val/train/ai/normal_008147.png,fake,original,1024,1024,False
data/RRDataset_original_train_val/train/ai/Medical_&_Public_Health_000084.png,fake,original,512,512,False
data/RRDataset_original_train_val/train/ai/production_000698.png,fake,original,1024,1024,False
data/RRDataset_original_train_val/train/ai/Political_&_Social_Events_000130.png,fake,original,512,512,False
data/RRDataset_original_train_val/train/ai/Political_&_Social_Events_000874.png,fake,original,1024,1024,False
data/RRDataset_original_train_val/train/ai/War_&_Conflict_Scenes_000044.png,fake,original,512,512,False
data/RRDataset_original_train_val/train/ai/production_000923.png,fake,original,1024,1024,False
data/RRDataset_original_train_val/train/ai/normal_008227.png,fake,original,1024,1024,False
data/RRDataset_original_train_val/train/ai/Political_&_Social_Events_000805.png,fake,original,1024,1024,False
data/RRDataset_original_train_val/train/ai/Medical_&_Public_Health_000424.png,fake,original,512,512,False
data/RRDataset_original_train_val/train/ai/War_&_Conflict_Scenes_000205.png,fake,original,512,512,False
data/RRDataset_original_train_val/train/ai/normal_006842.jpg,fake,original,512,341,False
data/RRDataset_original_train_val/train/ai/Culture_&_Religion_000402.png,fake,original,512,512,False
data/RRDataset_original_train_val/train/ai/normal_007574.png,fake,original,256,256,False
data/RRDataset_original_train_val/train/ai/Medical_&_Public_Health_000036.png,fake,original,512,512,False
data/RRDataset_original_train_val/train/ai/normal_006400.jpg,fake,original,450,240,False
data/RRDataset_original_train_val/train/ai/Medical_&_Public_Health_000299.png,fake,original,512,512,False
data/RRDataset_original_train_val/train/ai/normal_009190.png,fake,original,512,512,False
data/RRDataset_original_train_val/train/ai/Political_&_Social_Events_000504.png,fake,original,1024,1024,False
data/RRDataset_original_train_val/train/ai/War_&_Conflict_Scenes_000214.png,fake,original,512,512,False
data/RRDataset_original_train_val/train/ai/Political_&_Social_Events_000464.png,fake,original,512,512,False
data/RRDataset_original_train_val/train/ai/normal_007945.png,fake,original,256,256,False
data/RRDataset_original_train_val/train/ai/Culture_&_Religion_000127.png,fake,original,512,512,False
data/RRDataset_original_train_val/train/ai/normal_007404.png,fake,original,256,256,False
data/RRDataset_original_train_val/train/ai/production_000013.png,fake,original,512,512,False
data/RRDataset_original_train_val/train/ai/normal_006365.jpg,fake,original,764,509,False
data/RRDataset_original_train_val/train/ai/Medical_&_Public_Health_000247.png,fake,original,512,512,False
data/RRDataset_original_train_val/train/ai/normal_006117.jpg,fake,original,764,1358,False
data/RRDataset_original_train_val/train/ai/production_000124.png,fake,original,512,512,False
data/RRDataset_original_train_val/train/ai/Medical_&_Public_Health_000867.png,fake,original,1024,1024,False
data/RRDataset_original_train_val/train/ai/normal_006415.jpg,fake,original,450,450,False
data/RRDataset_original_train_val/train/ai/normal_007571.png,fake,original,256,256,False
data/RRDataset_original_train_val/train/ai/normal_007358.png,fake,original,256,256,False
data/RRDataset_original_train_val/train/ai/normal_006619.jpg,fake,original,450,750,False
data/RRDataset_original_train_val/train/ai/normal_009589.png,fake,original,512,512,False
data/RRDataset_original_train_val/train/ai/normal_008874.png,fake,original,256,256,False
data/RRDataset_original_train_val/train/ai/Natural_Disasters_&_Accidents_000372.png,fake,original,512,512,False
data/RRDataset_original_train_val/train/ai/Culture_&_Religion_000403.png,fake,original,512,512,False
data/RRDataset_original_train_val/train/ai/Natural_Disasters_&_Accidents_000872.png,fake,original,1024,1024,False
data/RRDataset_original_train_val/train/ai/War_&_Conflict_Scenes_000294.png,fake,original,512,512,False
data/RRDataset_original_train_val/train/ai/Culture_&_Religion_000926.png,fake,original,1024,1024,False
data/RRDataset_original_train_val/train/ai/Medical_&_Public_Health_000796.png,fake,original,1024,1024,False
data/RRDataset_original_train_val/train/ai/normal_008110.png,fake,original,1024,1024,False
data/RRDataset_original_train_val/train/ai/production_000049.png,fake,original,512,512,False
data/RRDataset_original_train_val/train/ai/Natural_Disasters_&_Accidents_000230.png,fake,original,512,512,False
data/RRDataset_original_train_val/train/ai/Political_&_Social_Events_000738.png,fake,original,1024,1024,False
data/RRDataset_original_train_val/train/ai/normal_009788.png,fake,original,256,256,False
data/RRDataset_original_train_val/train/ai/Culture_&_Religion_000136.png,fake,original,512,512,False
data/RRDataset_original_train_val/train/ai/production_000992.png,fake,original,1024,1024,False
data/RRDataset_original_train_val/train/ai/normal_008517.png,fake,original,1024,1024,False
data/RRDataset_original_train_val/train/ai/Natural_Disasters_&_Accidents_000176.png,fake,original,512,512,False
data/RRDataset_original_train_val/train/ai/Medical_&_Public_Health_000954.png,fake,original,1024,1024,False
data/RRDataset_original_train_val/train/ai/Natural_Disasters_&_Accidents_000257.png,fake,original,512,512,False
data/RRDataset_original_train_val/train/ai/War_&_Conflict_Scenes_000270.png,fake,original,512,512,False
data/RRDataset_original_train_val/train/ai/War_&_Conflict_Scenes_000517.png,fake,original,1024,1024,False
data/RRDataset_original_train_val/train/ai/normal_009538.png,fake,original,512,512,False
data/RRDataset_original_train_val/train/ai/normal_005995.jpg,fake,original,680,1024,False
data/RRDataset_original_train_val/train/ai/production_000171.png,fake,original,512,512,False
data/RRDataset_original_train_val/train/ai/Natural_Disasters_&_Accidents_000358.png,fake,original,512,512,False
data/RRDataset_original_train_val/train/ai/Culture_&_Religion_000255.png,fake,original,512,512,False
data/RRDataset_original_train_val/train/ai/Natural_Disasters_&_Accidents_000232.png,fake,original,512,512,False
data/RRDataset_original_train_val/train/ai/Natural_Disasters_&_Accidents_000416.png,fake,original,512,512,False
data/RRDataset_original_train_val/train/ai/War_&_Conflict_Scenes_000784.png,fake,original,1024,1024,False
data/RRDataset_original_train_val/train/ai/Political_&_Social_Events_000716.png,fake,original,1024,1024,False
data/RRDataset_original_train_val/train/ai/Political_&_Social_Events_000084.png,fake,original,512,512,False
data/RRDataset_original_train_val/train/ai/Culture_&_Religion_000733.png,fake,original,1024,1024,False
data/RRDataset_original_train_val/train/ai/normal_009744.png,fake,original,512,512,False
data/RRDataset_original_train_val/train/ai/normal_009453.png,fake,original,512,512,False
data/RRDataset_original_train_val/train/ai/Medical_&_Public_Health_000737.png,fake,original,1024,1024,False
data/RRDataset_original_train_val/train/ai/production_000110.png,fake,original,512,512,False
data/RRDataset_original_train_val/train/ai/normal_007526.png,fake,original,256,256,False
data/RRDataset_original_train_val/train/ai/Culture_&_Religion_000542.png,fake,original,1024,1024,False
data/RRDataset_original_train_val/train/ai/production_000426.png,fake,original,512,512,False
data/RRDataset_original_train_val/train/ai/Culture_&_Religion_000631.png,fake,original,1024,1024,False
data/RRDataset_original_train_val/train/ai/Culture_&_Religion_000031.png,fake,original,512,512,False
data/RRDataset_original_train_val/train/ai/normal_008471.png,fake,original,1024,1024,False
data/RRDataset_original_train_val/train/ai/normal_009410.png,fake,original,256,256,False
data/RRDataset_original_train_val/train/ai/normal_008942.png,fake,original,256,256,False
data/RRDataset_original_train_val/train/ai/normal_009760.png,fake,original,256,256,False
data/RRDataset_original_train_val/train/ai/Political_&_Social_Events_000685.png,fake,original,1024,1024,False
data/RRDataset_original_train_val/train/ai/normal_007311.png,fake,original,256,256,False
data/RRDataset_original_train_val/train/ai/War_&_Conflict_Scenes_000534.png,fake,original,1024,1024,False
data/RRDataset_original_train_val/train/ai/Medical_&_Public_Health_000168.png,fake,original,512,512,False
data/RRDataset_original_train_val/train/ai/normal_007619.png,fake,original,256,256,False
data/RRDataset_original_train_val/train/ai/Medical_&_Public_Health_000766.png,fake,original,1024,1024,False
data/RRDataset_original_train_val/train/ai/normal_009302.png,fake,original,512,512,False
data/RRDataset_original_train_val/train/ai/War_&_Conflict_Scenes_000853.png,fake,original,1024,1024,False
data/RRDataset_original_train_val/train/ai/Culture_&_Religion_000422.png,fake,original,512,512,False
data/RRDataset_original_train_val/train/ai/Political_&_Social_Events_000028.png,fake,original,512,512,False
data/RRDataset_original_train_val/train/ai/normal_008126.png,fake,original,1024,1024,False
data/RRDataset_original_train_val/train/ai/production_000964.png,fake,original,1024,1024,False
data/RRDataset_original_train_val/train/ai/normal_009276.png,fake,original,512,512,False
data/RRDataset_original_train_val/train/ai/Natural_Disasters_&_Accidents_000750.png,fake,original,1024,1024,False
data/RRDataset_original_train_val/train/ai/normal_009239.png,fake,original,512,512,False
data/RRDataset_original_train_val/train/ai/Culture_&_Religion_000677.png,fake,original,1024,1024,False
data/RRDataset_original_train_val/train/ai/normal_008805.png,fake,original,256,256,False
data/RRDataset_original_train_val/train/ai/Medical_&_Public_Health_000689.png,fake,original,1024,1024,False
data/RRDataset_original_train_val/train/ai/War_&_Conflict_Scenes_000465.png,fake,original,512,512,False
data/RRDataset_original_train_val/train/ai/Natural_Disasters_&_Accidents_000921.png,fake,original,1024,1024,False
data/RRDataset_original_train_val/train/ai/normal_007689.png,fake,original,256,256,False
data/RRDataset_original_train_val/train/ai/War_&_Conflict_Scenes_000689.png,fake,original,1024,1024,False
data/RRDataset_original_train_val/train/ai/normal_006202.jpg,fake,original,450,675,False
data/RRDataset_original_train_val/train/ai/normal_009537.png,fake,original,256,256,False
data/RRDataset_original_train_val/train/ai/Natural_Disasters_&_Accidents_000512.png,fake,original,1024,1024,False
data/RRDataset_original_train_val/train/ai/Natural_Disasters_&_Accidents_000914.png,fake,original,1024,1024,False
data/RRDataset_original_train_val/train/ai/normal_009349.png,fake,original,256,256,False
data/RRDataset_original_train_val/train/ai/Medical_&_Public_Health_000285.png,fake,original,512,512,False
data/RRDataset_original_train_val/train/ai/normal_008554.png,fake,original,1024,1024,False
data/RRDataset_original_train_val/train/ai/Political_&_Social_Events_000292.png,fake,original,512,512,False
data/RRDataset_original_train_val/train/ai/Culture_&_Religion_000641.png,fake,original,1024,1024,False
data/RRDataset_original_train_val/train/ai/Culture_&_Religion_000280.png,fake,original,512,512,False
data/RRDataset_original_train_val/train/ai/Political_&_Social_Events_000773.png,fake,original,1024,1024,False
data/RRDataset_original_train_val/train/ai/normal_007458.png,fake,original,256,256,False
data/RRDataset_original_train_val/train/ai/normal_006396.jpg,fake,original,764,1358,False
data/RRDataset_original_train_val/train/ai/normal_008707.png,fake,original,256,256,False
data/RRDataset_original_train_val/train/ai/normal_007611.png,fake,original,256,256,False
data/RRDataset_original_train_val/train/ai/normal_006155.jpg,fake,original,764,1151,False
data/RRDataset_original_train_val/train/ai/Culture_&_Religion_000178.png,fake,original,512,512,False
data/RRDataset_original_train_val/train/ai/Medical_&_Public_Health_000902.png,fake,original,1024,1024,False
data/RRDataset_original_train_val/train/ai/Natural_Disasters_&_Accidents_000024.png,fake,original,512,512,False
data/RRDataset_original_train_val/train/ai/Political_&_Social_Events_000643.png,fake,original,1024,1024,False
data/RRDataset_original_train_val/train/ai/production_000190.png,fake,original,512,512,False
data/RRDataset_original_train_val/train/ai/Political_&_Social_Events_000584.png,fake,original,1024,1024,False
data/RRDataset_original_train_val/train/ai/Medical_&_Public_Health_000918.png,fake,original,1024,1024,False
data/RRDataset_original_train_val/train/ai/production_000451.png,fake,original,512,512,False
data/RRDataset_original_train_val/train/ai/War_&_Conflict_Scenes_000954.png,fake,original,1024,1024,False
data/RRDataset_original_train_val/train/ai/normal_008878.png,fake,original,256,256,False
data/RRDataset_original_train_val/train/ai/Medical_&_Public_Health_000938.png,fake,original,1024,1024,False
data/RRDataset_original_train_val/train/ai/normal_007894.png,fake,original,256,256,False
data/RRDataset_original_train_val/train/ai/normal_007426.png,fake,original,256,256,False
data/RRDataset_original_train_val/train/ai/Medical_&_Public_Health_000575.png,fake,original,1024,1024,False
data/RRDataset_original_train_val/train/ai/normal_007070.png,fake,original,256,256,False
data/RRDataset_original_train_val/train/ai/War_&_Conflict_Scenes_000463.png,fake,original,512,512,False
data/RRDataset_original_train_val/train/ai/normal_006146.jpg,fake,original,450,579,False
data/RRDataset_original_train_val/train/ai/Political_&_Social_Events_000007.png,fake,original,512,512,False
data/RRDataset_original_train_val/train/ai/Political_&_Social_Events_000273.png,fake,original,512,512,False
data/RRDataset_original_train_val/train/ai/normal_006336.jpg,fake,original,764,1146,False
data/RRDataset_original_train_val/train/ai/normal_008435.png,fake,original,1024,1024,False
data/RRDataset_original_train_val/train/ai/production_000308.png,fake,original,512,512,False
data/RRDataset_original_train_val/train/ai/production_000480.png,fake,original,512,512,False
data/RRDataset_original_train_val/train/ai/production_000702.png,fake,original,1024,1024,False
data/RRDataset_original_train_val/train/ai/normal_006864.jpg,fake,original,764,1184,False
data/RRDataset_original_train_val/train/ai/Natural_Disasters_&_Accidents_000817.png,fake,original,1024,1024,False
data/RRDataset_original_train_val/train/ai/Natural_Disasters_&_Accidents_000041.png,fake,original,512,512,False
data/RRDataset_original_train_val/train/ai/Natural_Disasters_&_Accidents_000624.png,fake,original,1024,1024,False
data/RRDataset_original_train_val/train/ai/War_&_Conflict_Scenes_000749.png,fake,original,1024,1024,False
data/RRDataset_original_train_val/train/ai/production_000899.png,fake,original,1024,1024,False
data/RRDataset_original_train_val/train/ai/normal_006957.jpg,fake,original,450,675,False
data/RRDataset_original_train_val/train/ai/normal_008379.png,fake,original,1024,1024,False
data/RRDataset_original_train_val/train/ai/normal_007671.png,fake,original,256,256,False
data/RRDataset_original_train_val/train/ai/normal_007097.png,fake,original,256,256,False
data/RRDataset_original_train_val/train/ai/normal_007368.png,fake,original,256,256,False
data/RRDataset_original_train_val/train/ai/normal_009174.png,fake,original,512,512,False
data/RRDataset_original_train_val/train/ai/normal_009676.png,fake,original,256,256,False
data/RRDataset_original_train_val/train/ai/Culture_&_Religion_000168.png,fake,original,512,512,False
data/RRDataset_original_train_val/train/ai/Medical_&_Public_Health_000942.png,fake,original,1024,1024,False
data/RRDataset_original_train_val/train/ai/Political_&_Social_Events_000342.png,fake,original,512,512,False
data/RRDataset_original_train_val/train/ai/Natural_Disasters_&_Accidents_000608.png,fake,original,1024,1024,False
data/RRDataset_original_train_val/train/ai/normal_009132.png,fake,original,256,256,False
data/RRDataset_original_train_val/train/ai/normal_009211.png,fake,original,512,512,False
data/RRDataset_original_train_val/train/ai/normal_008979.png,fake,original,256,256,False
data/RRDataset_original_train_val/train/ai/normal_006672.jpg,fake,original,640,1280,False
data/RRDataset_original_train_val/train/ai/normal_009465.png,fake,original,256,256,False
data/RRDataset_original_train_val/train/ai/normal_006342.jpg,fake,original,764,1062,False
data/RRDataset_original_train_val/train/ai/normal_007049.png,fake,original,256,256,False
data/RRDataset_original_train_val/train/ai/War_&_Conflict_Scenes_000881.png,fake,original,1024,1024,False
data/RRDataset_original_train_val/train/ai/production_000879.png,fake,original,1024,1024,False
data/RRDataset_original_train_val/train/ai/Culture_&_Religion_000009.png,fake,original,512,512,False
data/RRDataset_original_train_val/train/ai/War_&_Conflict_Scenes_000967.png,fake,original,1024,1024,False
data/RRDataset_original_train_val/train/ai/War_&_Conflict_Scenes_000372.png,fake,original,512,512,False
data/RRDataset_original_train_val/train/ai/Natural_Disasters_&_Accidents_000821.png,fake,original,1024,1024,False
data/RRDataset_original_train_val/train/ai/production_000508.png,fake,original,1024,1024,False
data/RRDataset_original_train_val/train/ai/normal_008845.png,fake,original,256,256,False
data/RRDataset_original_train_val/train/ai/War_&_Conflict_Scenes_000460.png,fake,original,512,512,False
data/RRDataset_original_train_val/train/ai/Political_&_Social_Events_000983.png,fake,original,1024,1024,False
data/RRDataset_original_train_val/train/ai/Natural_Disasters_&_Accidents_000142.png,fake,original,512,512,False
data/RRDataset_original_train_val/train/ai/Culture_&_Religion_000520.png,fake,original,1024,1024,False
data/RRDataset_original_train_val/train/ai/War_&_Conflict_Scenes_000772.png,fake,original,1024,1024,False
data/RRDataset_original_train_val/train/ai/Natural_Disasters_&_Accidents_000091.png,fake,original,512,512,False
data/RRDataset_original_train_val/train/ai/normal_009818.png,fake,original,256,256,False
data/RRDataset_original_train_val/train/ai/Natural_Disasters_&_Accidents_000256.png,fake,original,512,512,False
data/RRDataset_original_train_val/train/ai/Natural_Disasters_&_Accidents_000149.png,fake,original,512,512,False
data/RRDataset_original_train_val/train/ai/production_000843.png,fake,original,1024,1024,False
data/RRDataset_original_train_val/train/ai/normal_008035.png,fake,original,1024,1024,False
data/RRDataset_original_train_val/train/ai/Culture_&_Religion_000395.png,fake,original,512,512,False
data/RRDataset_original_train_val/train/ai/normal_008829.png,fake,original,256,256,False
data/RRDataset_original_train_val/train/ai/normal_006609.jpg,fake,original,450,655,False
data/RRDataset_original_train_val/train/ai/Natural_Disasters_&_Accidents_000051.png,fake,original,512,512,False
data/RRDataset_original_train_val/train/ai/Culture_&_Religion_000018.png,fake,original,512,512,False
data/RRDataset_original_train_val/train/ai/normal_009603.png,fake,original,256,256,False
data/RRDataset_original_train_val/train/ai/production_000575.png,fake,original,1024,1024,False
data/RRDataset_original_train_val/train/ai/Medical_&_Public_Health_000748.png,fake,original,1024,1024,False
data/RRDataset_original_train_val/train/ai/Natural_Disasters_&_Accidents_000284.png,fake,original,512,512,False
data/RRDataset_original_train_val/train/ai/Culture_&_Religion_000561.png,fake,original,1024,1024,False
data/RRDataset_original_train_val/train/ai/War_&_Conflict_Scenes_000573.png,fake,original,1024,1024,False
data/RRDataset_original_train_val/train/ai/normal_008571.png,fake,original,1024,1024,False
data/RRDataset_original_train_val/train/ai/Medical_&_Public_Health_000612.png,fake,original,1024,1024,False
data/RRDataset_original_train_val/train/ai/Natural_Disasters_&_Accidents_000699.png,fake,original,1024,1024,False
data/RRDataset_original_train_val/train/ai/normal_007076.png,fake,original,256,256,False
data/RRDataset_original_train_val/train/ai/normal_008045.png,fake,original,1024,1024,False
data/RRDataset_original_train_val/train/ai/Political_&_Social_Events_000177.png,fake,original,512,512,False
data/RRDataset_original_train_val/train/ai/normal_009409.png,fake,original,256,256,False
data/RRDataset_original_train_val/train/ai/Natural_Disasters_&_Accidents_000106.png,fake,original,512,512,False
data/RRDataset_original_train_val/train/ai/War_&_Conflict_Scenes_000670.png,fake,original,1024,1024,False
data/RRDataset_original_train_val/train/ai/normal_009080.png,fake,original,256,256,False
data/RRDataset_original_train_val/train/ai/normal_007461.png,fake,original,256,256,False
data/RRDataset_original_train_val/train/ai/normal_007091.png,fake,original,256,256,False
data/RRDataset_original_train_val/train/ai/normal_009482.png,fake,original,512,512,False
data/RRDataset_original_train_val/train/ai/War_&_Conflict_Scenes_000851.png,fake,original,1024,1024,False
data/RRDataset_original_train_val/train/ai/War_&_Conflict_Scenes_000283.png,fake,original,512,512,False
data/RRDataset_original_train_val/train/ai/War_&_Conflict_Scenes_000418.png,fake,original,512,512,False
data/RRDataset_original_train_val/train/ai/Medical_&_Public_Health_000049.png,fake,original,512,512,False
data/RRDataset_original_train_val/train/ai/normal_009361.png,fake,original,256,256,False
data/RRDataset_original_train_val/train/ai/Culture_&_Religion_000404.png,fake,original,512,512,False
data/RRDataset_original_train_val/train/ai/production_000011.png,fake,original,512,512,False
data/RRDataset_original_train_val/train/ai/Medical_&_Public_Health_000601.png,fake,original,1024,1024,False
data/RRDataset_original_train_val/train/ai/Medical_&_Public_Health_000615.png,fake,original,1024,1024,False
data/RRDataset_original_train_val/train/ai/Political_&_Social_Events_000708.png,fake,original,1024,1024,False
data/RRDataset_original_train_val/train/ai/normal_009369.png,fake,original,256,256,False
data/RRDataset_original_train_val/train/ai/Culture_&_Religion_000991.png,fake,original,1024,1024,False
data/RRDataset_original_train_val/train/ai/production_000925.png,fake,original,1024,1024,False
data/RRDataset_original_train_val/train/ai/War_&_Conflict_Scenes_000729.png,fake,original,1024,1024,False
data/RRDataset_original_train_val/train/ai/production_000652.png,fake,original,1024,1024,False
data/RRDataset_original_train_val/train/ai/normal_009581.png,fake,original,512,512,False
data/RRDataset_original_train_val/train/ai/normal_006408.jpg,fake,original,764,1273,False
data/RRDataset_original_train_val/train/ai/normal_009619.png,fake,original,256,256,False
data/RRDataset_original_train_val/train/ai/production_000113.png,fake,original,512,512,False
data/RRDataset_original_train_val/train/ai/Natural_Disasters_&_Accidents_000442.png,fake,original,512,512,False
data/RRDataset_original_train_val/train/ai/Natural_Disasters_&_Accidents_000964.png,fake,original,1024,1024,False
data/RRDataset_original_train_val/train/ai/Culture_&_Religion_000545.png,fake,original,1024,1024,False
data/RRDataset_original_train_val/train/ai/normal_008478.png,fake,original,1024,1024,False
data/RRDataset_original_train_val/train/ai/Natural_Disasters_&_Accidents_000053.png,fake,original,512,512,False
data/RRDataset_original_train_val/train/ai/normal_006179.jpg,fake,original,764,1058,False
data/RRDataset_original_train_val/train/ai/War_&_Conflict_Scenes_000411.png,fake,original,512,512,False
data/RRDataset_original_train_val/train/ai/normal_008814.png,fake,original,256,256,False
data/RRDataset_original_train_val/train/ai/production_000991.png,fake,original,1024,1024,False
data/RRDataset_original_train_val/train/ai/normal_008376.png,fake,original,1024,1024,False
data/RRDataset_original_train_val/train/ai/Natural_Disasters_&_Accidents_000079.png,fake,original,512,512,False
data/RRDataset_original_train_val/train/ai/Political_&_Social_Events_000209.png,fake,original,512,512,False
data/RRDataset_original_train_val/train/ai/normal_008839.png,fake,original,256,256,False
data/RRDataset_original_train_val/train/ai/Political_&_Social_Events_000919.png,fake,original,1024,1024,False
data/RRDataset_original_train_val/train/ai/Culture_&_Religion_000233.png,fake,original,512,512,False
data/RRDataset_original_train_val/train/ai/normal_007501.png,fake,original,256,256,False
data/RRDataset_original_train_val/train/ai/Political_&_Social_Events_000641.png,fake,original,1024,1024,False
data/RRDataset_original_train_val/train/ai/normal_009727.png,fake,original,512,512,False
data/RRDataset_original_train_val/train/ai/normal_006010.jpg,fake,original,512,768,False
data/RRDataset_original_train_val/train/ai/normal_008614.png,fake,original,256,256,False
data/RRDataset_original_train_val/train/ai/production_000281.png,fake,original,512,512,False
data/RRDataset_original_train_val/train/ai/normal_008453.png,fake,original,1024,1024,False
data/RRDataset_original_train_val/train/ai/production_000563.png,fake,original,1024,1024,False
data/RRDataset_original_train_val/train/ai/War_&_Conflict_Scenes_000116.png,fake,original,512,512,False
data/RRDataset_original_train_val/train/ai/War_&_Conflict_Scenes_000304.png,fake,original,512,512,False
data/RRDataset_original_train_val/train/ai/normal_006617.jpg,fake,original,764,1146,False
data/RRDataset_original_train_val/train/ai/normal_009663.png,fake,original,512,512,False
data/RRDataset_original_train_val/train/ai/Culture_&_Religion_000013.png,fake,original,512,512,False
data/RRDataset_original_train_val/train/ai/normal_006796.jpg,fake,original,450,450,False
data/RRDataset_original_train_val/train/ai/Political_&_Social_Events_000318.png,fake,original,512,512,False
data/RRDataset_original_train_val/train/ai/normal_007029.png,fake,original,256,256,False
data/RRDataset_original_train_val/train/ai/Natural_Disasters_&_Accidents_000138.png,fake,original,512,512,False
data/RRDataset_original_train_val/train/ai/Medical_&_Public_Health_000089.png,fake,original,512,512,False
data/RRDataset_original_train_val/train/ai/Medical_&_Public_Health_000632.png,fake,original,1024,1024,False
data/RRDataset_original_train_val/train/ai/Culture_&_Religion_000694.png,fake,original,1024,1024,False
data/RRDataset_original_train_val/train/ai/Natural_Disasters_&_Accidents_000820.png,fake,original,1024,1024,False
data/RRDataset_original_train_val/train/ai/normal_009038.png,fake,original,256,256,False
data/RRDataset_original_train_val/train/ai/production_000516.png,fake,original,1024,1024,False
data/RRDataset_original_train_val/train/ai/Natural_Disasters_&_Accidents_000202.png,fake,original,512,512,False
data/RRDataset_original_train_val/train/ai/normal_006925.jpg,fake,original,450,675,False
data/RRDataset_original_train_val/train/ai/War_&_Conflict_Scenes_000636.png,fake,original,1024,1024,False
data/RRDataset_original_train_val/train/ai/War_&_Conflict_Scenes_000541.png,fake,original,1024,1024,False
data/RRDataset_original_train_val/train/ai/Natural_Disasters_&_Accidents_000478.png,fake,original,512,512,False
data/RRDataset_original_train_val/train/ai/normal_006921.jpg,fake,original,764,1150,False
data/RRDataset_original_train_val/train/ai/Culture_&_Religion_000909.png,fake,original,1024,1024,False
data/RRDataset_original_train_val/train/ai/Natural_Disasters_&_Accidents_000888.png,fake,original,1024,1024,False
data/RRDataset_original_train_val/train/ai/Political_&_Social_Events_000470.png,fake,original,512,512,False
data/RRDataset_original_train_val/train/ai/Culture_&_Religion_000365.png,fake,original,512,512,False
data/RRDataset_original_train_val/train/ai/Natural_Disasters_&_Accidents_000215.png,fake,original,512,512,False
data/RRDataset_original_train_val/train/ai/normal_008228.png,fake,original,1024,1024,False
data/RRDataset_original_train_val/train/ai/normal_006896.jpg,fake,original,450,675,False
data/RRDataset_original_train_val/train/ai/War_&_Conflict_Scenes_000591.png,fake,original,1024,1024,False
data/RRDataset_original_train_val/train/ai/Natural_Disasters_&_Accidents_000167.png,fake,original,512,512,False
data/RRDataset_original_train_val/train/ai/Medical_&_Public_Health_000839.png,fake,original,1024,1024,False
data/RRDataset_original_train_val/train/ai/War_&_Conflict_Scenes_000256.png,fake,original,512,512,False
data/RRDataset_original_train_val/train/ai/normal_009122.png,fake,original,256,256,False
data/RRDataset_original_train_val/train/ai/normal_006035.jpg,fake,original,764,1146,False
data/RRDataset_original_train_val/train/ai/Natural_Disasters_&_Accidents_000317.png,fake,original,512,512,False
data/RRDataset_original_train_val/train/ai/Political_&_Social_Events_000757.png,fake,original,1024,1024,False
data/RRDataset_original_train_val/train/ai/normal_006011.jpg,fake,original,450,270,False
data/RRDataset_original_train_val/train/ai/Political_&_Social_Events_000281.png,fake,original,512,512,False
data/RRDataset_original_train_val/train/ai/normal_008650.png,fake,original,256,256,False
data/RRDataset_original_train_val/train/ai/Political_&_Social_Events_000954.png,fake,original,1024,1024,False
data/RRDataset_original_train_val/train/ai/normal_007420.png,fake,original,256,256,False
data/RRDataset_original_train_val/train/ai/Culture_&_Religion_000861.png,fake,original,1024,1024,False
data/RRDataset_original_train_val/train/ai/normal_008618.png,fake,original,256,256,False
data/RRDataset_original_train_val/train/ai/normal_009698.png,fake,original,256,256,False
data/RRDataset_original_train_val/train/ai/normal_008807.png,fake,original,256,256,False
data/RRDataset_original_train_val/train/ai/Political_&_Social_Events_000680.png,fake,original,1024,1024,False
data/RRDataset_original_train_val/train/ai/Medical_&_Public_Health_000136.png,fake,original,512,512,False
data/RRDataset_original_train_val/train/ai/normal_008747.png,fake,original,256,256,False
data/RRDataset_original_train_val/train/ai/War_&_Conflict_Scenes_000195.png,fake,original,512,512,False
data/RRDataset_original_train_val/train/ai/Political_&_Social_Events_000967.png,fake,original,1024,1024,False
data/RRDataset_original_train_val/train/ai/Medical_&_Public_Health_000206.png,fake,original,512,512,False
data/RRDataset_original_train_val/train/ai/War_&_Conflict_Scenes_000333.png,fake,original,512,512,False
data/RRDataset_original_train_val/train/ai/normal_008753.png,fake,original,256,256,False
data/RRDataset_original_train_val/train/ai/War_&_Conflict_Scenes_000680.png,fake,original,1024,1024,False
data/RRDataset_original_train_val/train/ai/normal_007664.png,fake,original,256,256,False
data/RRDataset_original_train_val/train/ai/Political_&_Social_Events_000855.png,fake,original,1024,1024,False
data/RRDataset_original_train_val/train/ai/Medical_&_Public_Health_000432.png,fake,original,512,512,False
data/RRDataset_original_train_val/train/ai/War_&_Conflict_Scenes_000657.png,fake,original,1024,1024,False
data/RRDataset_original_train_val/train/ai/Political_&_Social_Events_000512.png,fake,original,1024,1024,False
data/RRDataset_original_train_val/train/ai/production_000408.png,fake,original,512,512,False
data/RRDataset_original_train_val/train/ai/Natural_Disasters_&_Accidents_000482.png,fake,original,512,512,False
data/RRDataset_original_train_val/train/ai/normal_009381.png,fake,original,256,256,False
data/RRDataset_original_train_val/train/ai/production_000070.png,fake,original,512,512,False
data/RRDataset_original_train_val/train/ai/Medical_&_Public_Health_000828.png,fake,original,1024,1024,False
data/RRDataset_original_train_val/train/ai/normal_008872.png,fake,original,256,256,False
data/RRDataset_original_train_val/train/ai/Medical_&_Public_Health_000628.png,fake,original,1024,1024,False
data/RRDataset_original_train_val/train/ai/Natural_Disasters_&_Accidents_000748.png,fake,original,1024,1024,False
data/RRDataset_original_train_val/train/ai/production_000949.png,fake,original,1024,1024,False
data/RRDataset_original_train_val/train/ai/production_000748.png,fake,original,1024,1024,False
data/RRDataset_original_train_val/train/ai/normal_007708.png,fake,original,256,256,False
data/RRDataset_original_train_val/train/ai/Natural_Disasters_&_Accidents_000439.png,fake,original,512,512,False
data/RRDataset_original_train_val/train/ai/normal_007128.png,fake,original,256,256,False
data/RRDataset_original_train_val/train/ai/normal_008732.png,fake,original,256,256,False
data/RRDataset_original_train_val/train/ai/Medical_&_Public_Health_000667.png,fake,original,1024,1024,False
data/RRDataset_original_train_val/train/ai/normal_009429.png,fake,original,256,256,False
data/RRDataset_original_train_val/train/ai/normal_009993.png,fake,original,512,512,False
data/RRDataset_original_train_val/train/ai/normal_008509.png,fake,original,1024,1024,False
data/RRDataset_original_train_val/train/ai/Medical_&_Public_Health_000149.png,fake,original,512,512,False
data/RRDataset_original_train_val/train/ai/normal_007513.png,fake,original,256,256,False
data/RRDataset_original_train_val/train/ai/normal_006905.jpg,fake,original,764,1058,False
data/RRDataset_original_train_val/train/ai/Natural_Disasters_&_Accidents_000997.png,fake,original,1024,1024,False
data/RRDataset_original_train_val/train/ai/Culture_&_Religion_000881.png,fake,original,1024,1024,False
data/RRDataset_original_train_val/train/ai/normal_009142.png,fake,original,512,512,False
data/RRDataset_original_train_val/train/ai/Medical_&_Public_Health_000854.png,fake,original,1024,1024,False
data/RRDataset_original_train_val/train/ai/normal_009330.png,fake,original,512,512,False
data/RRDataset_original_train_val/train/ai/Culture_&_Religion_000686.png,fake,original,1024,1024,False
data/RRDataset_original_train_val/train/ai/normal_009202.png,fake,original,256,256,False
data/RRDataset_original_train_val/train/ai/Natural_Disasters_&_Accidents_000491.png,fake,original,512,512,False
data/RRDataset_original_train_val/train/ai/Culture_&_Religion_000950.png,fake,original,1024,1024,False
data/RRDataset_original_train_val/train/ai/normal_007902.png,fake,original,256,256,False
data/RRDataset_original_train_val/train/ai/normal_006335.jpg,fake,original,764,1058,False
data/RRDataset_original_train_val/train/ai/War_&_Conflict_Scenes_000818.png,fake,original,1024,1024,False
data/RRDataset_original_train_val/train/ai/War_&_Conflict_Scenes_000153.png,fake,original,512,512,False
data/RRDataset_original_train_val/train/ai/normal_008426.png,fake,original,1024,1024,False
data/RRDataset_original_train_val/train/ai/War_&_Conflict_Scenes_000997.png,fake,original,1024,1024,False
data/RRDataset_original_train_val/train/ai/Medical_&_Public_Health_000365.png,fake,original,512,512,False
data/RRDataset_original_train_val/train/ai/Medical_&_Public_Health_000029.png,fake,original,512,512,False
data/RRDataset_original_train_val/train/ai/Natural_Disasters_&_Accidents_000970.png,fake,original,1024,1024,False
data/RRDataset_original_train_val/train/ai/Natural_Disasters_&_Accidents_000843.png,fake,original,1024,1024,False
data/RRDataset_original_train_val/train/ai/normal_007841.png,fake,original,256,256,False
data/RRDataset_original_train_val/train/ai/Culture_&_Religion_000578.png,fake,original,1024,1024,False
data/RRDataset_original_train_val/train/ai/production_000094.png,fake,original,512,512,False
data/RRDataset_original_train_val/train/ai/Medical_&_Public_Health_000966.png,fake,original,1024,1024,False
data/RRDataset_original_train_val/train/ai/Medical_&_Public_Health_000956.png,fake,original,1024,1024,False
data/RRDataset_original_train_val/train/ai/Political_&_Social_Events_000696.png,fake,original,1024,1024,False
data/RRDataset_original_train_val/train/ai/normal_009916.png,fake,original,512,512,False
data/RRDataset_original_train_val/train/ai/normal_008867.png,fake,original,256,256,False
data/RRDataset_original_train_val/train/ai/War_&_Conflict_Scenes_000302.png,fake,original,512,512,False
data/RRDataset_original_train_val/train/ai/Medical_&_Public_Health_000273.png,fake,original,512,512,False
data/RRDataset_original_train_val/train/ai/War_&_Conflict_Scenes_000224.png,fake,original,512,512,False
data/RRDataset_original_train_val/train/ai/normal_007974.png,fake,original,256,256,False
data/RRDataset_original_train_val/train/ai/Culture_&_Religion_000016.png,fake,original,512,512,False
data/RRDataset_original_train_val/train/ai/production_000692.png,fake,original,1024,1024,False
data/RRDataset_original_train_val/train/ai/War_&_Conflict_Scenes_000992.png,fake,original,1024,1024,False
data/RRDataset_original_train_val/train/ai/Culture_&_Religion_000786.png,fake,original,1024,1024,False
data/RRDataset_original_train_val/train/ai/normal_007054.png,fake,original,256,256,False
data/RRDataset_original_train_val/train/ai/normal_006144.jpg,fake,original,764,1354,False
data/RRDataset_original_train_val/train/ai/production_000089.png,fake,original,512,512,False
data/RRDataset_original_train_val/train/ai/normal_006419.jpg,fake,original,450,675,False
data/RRDataset_original_train_val/train/ai/Political_&_Social_Events_000169.png,fake,original,512,512,False
data/RRDataset_original_train_val/train/ai/normal_007937.png,fake,original,256,256,False
data/RRDataset_original_train_val/train/ai/production_000632.png,fake,original,1024,1024,False
data/RRDataset_original_train_val/train/ai/normal_006760.jpg,fake,original,764,1242,False
data/RRDataset_original_train_val/train/ai/Natural_Disasters_&_Accidents_000174.png,fake,original,512,512,False
data/RRDataset_original_train_val/train/ai/Natural_Disasters_&_Accidents_000423.png,fake,original,512,512,False
data/RRDataset_original_train_val/train/ai/War_&_Conflict_Scenes_000152.png,fake,original,512,512,False
data/RRDataset_original_train_val/train/ai/production_000781.png,fake,original,1024,1024,False
data/RRDataset_original_train_val/train/ai/normal_006906.jpg,fake,original,512,1024,False
data/RRDataset_original_train_val/train/ai/War_&_Conflict_Scenes_000245.png,fake,original,512,512,False
data/RRDataset_original_train_val/train/ai/War_&_Conflict_Scenes_000266.png,fake,original,512,512,False
data/RRDataset_original_train_val/train/ai/Culture_&_Religion_000504.png,fake,original,1024,1024,False
data/RRDataset_original_train_val/train/ai/normal_007182.png,fake,original,256,256,False
data/RRDataset_original_train_val/train/ai/Natural_Disasters_&_Accidents_000208.png,fake,original,512,512,False
data/RRDataset_original_train_val/train/ai/normal_007138.png,fake,original,256,256,False
data/RRDataset_original_train_val/train/ai/production_000111.png,fake,original,512,512,False
data/RRDataset_original_train_val/train/ai/War_&_Conflict_Scenes_000624.png,fake,original,1024,1024,False
data/RRDataset_original_train_val/train/ai/production_000741.png,fake,original,1024,1024,False
data/RRDataset_original_train_val/train/ai/normal_009751.png,fake,original,256,256,False
data/RRDataset_original_train_val/train/ai/Culture_&_Religion_000539.png,fake,original,1024,1024,False
data/RRDataset_original_train_val/train/ai/Political_&_Social_Events_000241.png,fake,original,512,512,False
data/RRDataset_original_train_val/train/ai/normal_007530.png,fake,original,256,256,False
data/RRDataset_original_train_val/train/ai/War_&_Conflict_Scenes_000707.png,fake,original,1024,1024,False
data/RRDataset_original_train_val/train/ai/normal_007134.png,fake,original,256,256,False
data/RRDataset_original_train_val/train/ai/normal_008106.png,fake,original,1024,1024,False
data/RRDataset_original_train_val/train/ai/Culture_&_Religion_000985.png,fake,original,1024,1024,False
data/RRDataset_original_train_val/train/ai/normal_008922.png,fake,original,256,256,False
data/RRDataset_original_train_val/train/ai/Political_&_Social_Events_000785.png,fake,original,1024,1024,False
data/RRDataset_original_train_val/train/ai/War_&_Conflict_Scenes_000691.png,fake,original,1024,1024,False
data/RRDataset_original_train_val/train/ai/War_&_Conflict_Scenes_000909.png,fake,original,1024,1024,False
data/RRDataset_original_train_val/train/ai/Natural_Disasters_&_Accidents_000246.png,fake,original,512,512,False
data/RRDataset_original_train_val/train/ai/Medical_&_Public_Health_000236.png,fake,original,512,512,False
data/RRDataset_original_train_val/train/ai/normal_008077.png,fake,original,1024,1024,False
data/RRDataset_original_train_val/train/ai/Natural_Disasters_&_Accidents_000718.png,fake,original,1024,1024,False
data/RRDataset_original_train_val/train/ai/Political_&_Social_Events_000833.png,fake,original,1024,1024,False
data/RRDataset_original_train_val/train/ai/normal_006300.jpg,fake,original,764,1146,False
data/RRDataset_original_train_val/train/ai/Medical_&_Public_Health_000366.png,fake,original,512,512,False
data/RRDataset_original_train_val/train/ai/Political_&_Social_Events_000440.png,fake,original,512,512,False
data/RRDataset_original_train_val/train/ai/production_000002.png,fake,original,512,512,False
data/RRDataset_original_train_val/train/ai/Medical_&_Public_Health_000397.png,fake,original,512,512,False
data/RRDataset_original_train_val/train/ai/normal_007178.png,fake,original,256,256,False
data/RRDataset_original_train_val/train/ai/normal_007861.png,fake,original,256,256,False
data/RRDataset_original_train_val/train/ai/War_&_Conflict_Scenes_000321.png,fake,original,512,512,False
data/RRDataset_original_train_val/train/ai/production_000207.png,fake,original,512,512,False
data/RRDataset_original_train_val/train/ai/production_000813.png,fake,original,1024,1024,False
data/RRDataset_original_train_val/train/ai/Political_&_Social_Events_000850.png,fake,original,1024,1024,False
data/RRDataset_original_train_val/train/ai/normal_007583.png,fake,original,256,256,False
data/RRDataset_original_train_val/train/ai/War_&_Conflict_Scenes_000776.png,fake,original,1024,1024,False
data/RRDataset_original_train_val/train/ai/Culture_&_Religion_000418.png,fake,original,512,512,False
data/RRDataset_original_train_val/train/ai/Culture_&_Religion_000584.png,fake,original,1024,1024,False
data/RRDataset_original_train_val/train/ai/normal_008776.png,fake,original,256,256,False
data/RRDataset_original_train_val/train/ai/War_&_Conflict_Scenes_000940.png,fake,original,1024,1024,False
data/RRDataset_original_train_val/train/ai/Culture_&_Religion_000917.png,fake,original,1024,1024,False
data/RRDataset_original_train_val/train/ai/production_000535.png,fake,original,1024,1024,False
data/RRDataset_original_train_val/train/ai/Natural_Disasters_&_Accidents_000434.png,fake,original,512,512,False
data/RRDataset_original_train_val/train/ai/normal_006771.jpg,fake,original,450,358,False
data/RRDataset_original_train_val/train/ai/Culture_&_Religion_000416.png,fake,original,512,512,False
data/RRDataset_original_train_val/train/ai/Medical_&_Public_Health_000354.png,fake,original,512,512,False
data/RRDataset_original_train_val/train/ai/Medical_&_Public_Health_000042.png,fake,original,512,512,False
data/RRDataset_original_train_val/train/ai/normal_006022.jpg,fake,original,512,1024,False
data/RRDataset_original_train_val/train/ai/Culture_&_Religion_000068.png,fake,original,512,512,False
data/RRDataset_original_train_val/train/ai/production_000701.png,fake,original,1024,1024,False
data/RRDataset_original_train_val/train/ai/normal_006075.jpg,fake,original,764,1528,False
data/RRDataset_original_train_val/train/ai/production_000036.png,fake,original,512,512,False
data/RRDataset_original_train_val/train/ai/Political_&_Social_Events_000993.png,fake,original,1024,1024,False
data/RRDataset_original_train_val/train/ai/Culture_&_Religion_000531.png,fake,original,1024,1024,False
data/RRDataset_original_train_val/train/ai/normal_009245.png,fake,original,256,256,False
data/RRDataset_original_train_val/train/ai/normal_007125.png,fake,original,256,256,False
data/RRDataset_original_train_val/train/ai/normal_008296.png,fake,original,1024,1024,False
data/RRDataset_original_train_val/train/ai/normal_008450.png,fake,original,1024,1024,False
data/RRDataset_original_train_val/train/ai/production_000530.png,fake,original,1024,1024,False
data/RRDataset_original_train_val/train/ai/Political_&_Social_Events_000768.png,fake,original,1024,1024,False
data/RRDataset_original_train_val/train/ai/War_&_Conflict_Scenes_000046.png,fake,original,512,512,False
data/RRDataset_original_train_val/train/ai/normal_006422.jpg,fake,original,764,1019,False
data/RRDataset_original_train_val/train/ai/Political_&_Social_Events_000669.png,fake,original,1024,1024,False
data/RRDataset_original_train_val/train/ai/normal_008604.png,fake,original,256,256,False
data/RRDataset_original_train_val/train/ai/War_&_Conflict_Scenes_000340.png,fake,original,512,512,False
data/RRDataset_original_train_val/train/ai/production_000334.png,fake,original,512,512,False
data/RRDataset_original_train_val/train/ai/normal_007057.png,fake,original,256,256,False
data/RRDataset_original_train_val/train/ai/Culture_&_Religion_000795.png,fake,original,1024,1024,False
data/RRDataset_original_train_val/train/ai/normal_006616.jpg,fake,original,450,270,False
data/RRDataset_original_train_val/train/ai/Culture_&_Religion_000599.png,fake,original,1024,1024,False
data/RRDataset_original_train_val/train/ai/Culture_&_Religion_000410.png,fake,original,512,512,False
data/RRDataset_original_train_val/train/ai/normal_006484.jpg,fake,original,764,1146,False
data/RRDataset_original_train_val/train/ai/normal_006819.jpg,fake,original,1152,1752,False
data/RRDataset_original_train_val/train/ai/normal_008083.png,fake,original,1024,1024,False
data/RRDataset_original_train_val/train/ai/Medical_&_Public_Health_000119.png,fake,original,512,512,False
data/RRDataset_original_train_val/train/ai/normal_006262.jpg,fake,original,450,540,False
data/RRDataset_original_train_val/train/ai/production_000906.png,fake,original,1024,1024,False
data/RRDataset_original_train_val/train/ai/Natural_Disasters_&_Accidents_000528.png,fake,original,1024,1024,False
data/RRDataset_original_train_val/train/ai/Political_&_Social_Events_000044.png,fake,original,512,512,False
data/RRDataset_original_train_val/train/ai/Natural_Disasters_&_Accidents_000343.png,fake,original,512,512,False
data/RRDataset_original_train_val/train/ai/Culture_&_Religion_000388.png,fake,original,512,512,False
data/RRDataset_original_train_val/train/ai/normal_008030.png,fake,original,1024,1024,False
data/RRDataset_original_train_val/train/ai/normal_008721.png,fake,original,256,256,False
data/RRDataset_original_train_val/train/ai/Culture_&_Religion_000194.png,fake,original,512,512,False
data/RRDataset_original_train_val/train/ai/Political_&_Social_Events_000447.png,fake,original,512,512,False
data/RRDataset_original_train_val/train/ai/Political_&_Social_Events_000402.png,fake,original,512,512,False
data/RRDataset_original_train_val/train/ai/normal_006880.jpg,fake,original,450,675,False
data/RRDataset_original_train_val/train/ai/normal_008061.png,fake,original,1024,1024,False
data/RRDataset_original_train_val/train/ai/Political_&_Social_Events_000547.png,fake,original,1024,1024,False
data/RRDataset_original_train_val/train/ai/production_000938.png,fake,original,1024,1024,False
data/RRDataset_original_train_val/train/ai/normal_009301.png,fake,original,512,512,False
data/RRDataset_original_train_val/train/ai/normal_007354.png,fake,original,256,256,False
data/RRDataset_original_train_val/train/ai/normal_007455.png,fake,original,256,256,False
data/RRDataset_original_train_val/train/ai/Culture_&_Religion_000758.png,fake,original,1024,1024,False
data/RRDataset_original_train_val/train/ai/production_000177.png,fake,original,512,512,False
data/RRDataset_original_train_val/train/ai/normal_008523.png,fake,original,1024,1024,False
data/RRDataset_original_train_val/train/ai/normal_008117.png,fake,original,1024,1024,False
data/RRDataset_original_train_val/train/ai/Culture_&_Religion_000008.png,fake,original,512,512,False
data/RRDataset_original_train_val/train/ai/Culture_&_Religion_000305.png,fake,original,512,512,False
data/RRDataset_original_train_val/train/ai/Political_&_Social_Events_000860.png,fake,original,1024,1024,False
data/RRDataset_original_train_val/train/ai/Natural_Disasters_&_Accidents_000738.png,fake,original,1024,1024,False
data/RRDataset_original_train_val/train/ai/Medical_&_Public_Health_000172.png,fake,original,512,512,False
data/RRDataset_original_train_val/train/ai/Medical_&_Public_Health_000125.png,fake,original,512,512,False
data/RRDataset_original_train_val/train/ai/Medical_&_Public_Health_000417.png,fake,original,512,512,False
data/RRDataset_original_train_val/train/ai/War_&_Conflict_Scenes_000111.png,fake,original,512,512,False
data/RRDataset_original_train_val/train/ai/Political_&_Social_Events_000308.png,fake,original,512,512,False
data/RRDataset_original_train_val/train/ai/normal_009994.png,fake,original,512,512,False
data/RRDataset_original_train_val/train/ai/War_&_Conflict_Scenes_000839.png,fake,original,1024,1024,False
data/RRDataset_original_train_val/train/ai/Natural_Disasters_&_Accidents_000737.png,fake,original,1024,1024,False
data/RRDataset_original_train_val/train/ai/normal_006898.jpg,fake,original,1024,1024,False
data/RRDataset_original_train_val/train/ai/Political_&_Social_Events_000813.png,fake,original,1024,1024,False
data/RRDataset_original_train_val/train/ai/Culture_&_Religion_000035.png,fake,original,512,512,False
data/RRDataset_original_train_val/train/ai/production_000653.png,fake,original,1024,1024,False
data/RRDataset_original_train_val/train/ai/normal_006679.jpg,fake,original,450,788,False
data/RRDataset_original_train_val/train/ai/Political_&_Social_Events_000370.png,fake,original,512,512,False
data/RRDataset_original_train_val/train/ai/normal_008995.png,fake,original,256,256,False
data/RRDataset_original_train_val/train/ai/normal_008976.png,fake,original,256,256,False
data/RRDataset_original_train_val/train/ai/normal_006888.jpg,fake,original,640,960,False
data/RRDataset_original_train_val/train/ai/normal_007018.png,fake,original,256,256,False
data/RRDataset_original_train_val/train/ai/normal_009198.png,fake,original,256,256,False
data/RRDataset_original_train_val/train/ai/Political_&_Social_Events_000430.png,fake,original,512,512,False
data/RRDataset_original_train_val/train/ai/normal_006176.jpg,fake,original,450,675,False
data/RRDataset_original_train_val/train/ai/Culture_&_Religion_000120.png,fake,original,512,512,False
data/RRDataset_original_train_val/train/ai/War_&_Conflict_Scenes_000008.png,fake,original,512,512,False
data/RRDataset_original_train_val/train/ai/War_&_Conflict_Scenes_000121.png,fake,original,512,512,False
data/RRDataset_original_train_val/train/ai/normal_007565.png,fake,original,256,256,False
data/RRDataset_original_train_val/train/ai/production_000042.png,fake,original,512,512,False
data/RRDataset_original_train_val/train/ai/War_&_Conflict_Scenes_000905.png,fake,original,1024,1024,False
data/RRDataset_original_train_val/train/ai/normal_008387.png,fake,original,1024,1024,False
data/RRDataset_original_train_val/train/ai/Medical_&_Public_Health_000825.png,fake,original,1024,1024,False
data/RRDataset_original_train_val/train/ai/production_000010.png,fake,original,512,512,False
data/RRDataset_original_train_val/train/ai/normal_007599.png,fake,original,256,256,False
data/RRDataset_original_train_val/train/ai/normal_007719.png,fake,original,256,256,False
data/RRDataset_original_train_val/train/ai/production_000166.png,fake,original,512,512,False
data/RRDataset_original_train_val/train/ai/War_&_Conflict_Scenes_000260.png,fake,original,512,512,False
data/RRDataset_original_train_val/train/ai/Political_&_Social_Events_000591.png,fake,original,1024,1024,False
data/RRDataset_original_train_val/train/ai/Culture_&_Religion_000580.png,fake,original,1024,1024,False
data/RRDataset_original_train_val/train/ai/normal_007518.png,fake,original,256,256,False
data/RRDataset_original_train_val/train/ai/Political_&_Social_Events_000802.png,fake,original,1024,1024,False
data/RRDataset_original_train_val/train/ai/War_&_Conflict_Scenes_000141.png,fake,original,512,512,False
data/RRDataset_original_train_val/train/ai/Culture_&_Religion_000742.png,fake,original,1024,1024,False
data/RRDataset_original_train_val/train/ai/Medical_&_Public_Health_000359.png,fake,original,512,512,False
data/RRDataset_original_train_val/train/ai/War_&_Conflict_Scenes_000644.png,fake,original,1024,1024,False
data/RRDataset_original_train_val/train/ai/Medical_&_Public_Health_000268.png,fake,original,512,512,False
data/RRDataset_original_train_val/train/ai/Medical_&_Public_Health_000106.png,fake,original,512,512,False
data/RRDataset_original_train_val/train/ai/Political_&_Social_Events_000961.png,fake,original,1024,1024,False
data/RRDataset_original_train_val/train/ai/Medical_&_Public_Health_000165.png,fake,original,512,512,False
data/RRDataset_original_train_val/train/ai/normal_007052.png,fake,original,256,256,False
data/RRDataset_original_train_val/train/ai/Natural_Disasters_&_Accidents_000444.png,fake,original,512,512,False
data/RRDataset_original_train_val/train/ai/normal_006670.jpg,fake,original,450,675,False
data/RRDataset_original_train_val/train/ai/normal_006460.jpg,fake,original,450,658,False
data/RRDataset_original_train_val/train/ai/production_000661.png,fake,original,1024,1024,False
data/RRDataset_original_train_val/train/ai/normal_007770.png,fake,original,256,256,False
data/RRDataset_original_train_val/train/ai/War_&_Conflict_Scenes_000630.png,fake,original,1024,1024,False
data/RRDataset_original_train_val/train/ai/normal_007766.png,fake,original,256,256,False
data/RRDataset_original_train_val/train/ai/War_&_Conflict_Scenes_000806.png,fake,original,1024,1024,False
data/RRDataset_original_train_val/train/ai/Political_&_Social_Events_000296.png,fake,original,512,512,False
data/RRDataset_original_train_val/train/ai/normal_006814.jpg,fake,original,512,768,False
data/RRDataset_original_train_val/train/ai/Medical_&_Public_Health_000124.png,fake,original,512,512,False
data/RRDataset_original_train_val/train/ai/normal_006649.jpg,fake,original,450,450,False
data/RRDataset_original_train_val/train/ai/Natural_Disasters_&_Accidents_000802.png,fake,original,1024,1024,False
data/RRDataset_original_train_val/train/ai/Culture_&_Religion_000444.png,fake,original,512,512,False
data/RRDataset_original_train_val/train/ai/Political_&_Social_Events_000450.png,fake,original,512,512,False
data/RRDataset_original_train_val/train/ai/normal_009726.png,fake,original,512,512,False
data/RRDataset_original_train_val/train/ai/Natural_Disasters_&_Accidents_000947.png,fake,original,1024,1024,False
data/RRDataset_original_train_val/train/ai/normal_007283.png,fake,original,256,256,False
data/RRDataset_original_train_val/train/ai/production_000913.png,fake,original,1024,1024,False
data/RRDataset_original_train_val/train/ai/Culture_&_Religion_000820.png,fake,original,1024,1024,False
data/RRDataset_original_train_val/train/ai/normal_008016.png,fake,original,1024,1024,False
data/RRDataset_original_train_val/train/ai/War_&_Conflict_Scenes_000907.png,fake,original,1024,1024,False
data/RRDataset_original_train_val/train/ai/War_&_Conflict_Scenes_000604.png,fake,original,1024,1024,False
data/RRDataset_original_train_val/train/ai/normal_007308.png,fake,original,256,256,False
data/RRDataset_original_train_val/train/ai/Medical_&_Public_Health_000637.png,fake,original,1024,1024,False
data/RRDataset_original_train_val/train/ai/Political_&_Social_Events_000875.png,fake,original,1024,1024,False
data/RRDataset_original_train_val/train/ai/production_000345.png,fake,original,512,512,False
data/RRDataset_original_train_val/train/ai/Natural_Disasters_&_Accidents_000108.png,fake,original,512,512,False
data/RRDataset_original_train_val/train/ai/War_&_Conflict_Scenes_000144.png,fake,original,512,512,False
data/RRDataset_original_train_val/train/ai/normal_006169.jpg,fake,original,764,1146,False
data/RRDataset_original_train_val/train/ai/War_&_Conflict_Scenes_000466.png,fake,original,512,512,False
data/RRDataset_original_train_val/train/ai/Culture_&_Religion_000921.png,fake,original,1024,1024,False
data/RRDataset_original_train_val/train/ai/normal_008674.png,fake,original,256,256,False
data/RRDataset_original_train_val/train/ai/normal_009582.png,fake,original,512,512,False
data/RRDataset_original_train_val/train/ai/production_000878.png,fake,original,1024,1024,False
data/RRDataset_original_train_val/train/ai/normal_007813.png,fake,original,256,256,False
data/RRDataset_original_train_val/train/ai/production_000170.png,fake,original,512,512,False
data/RRDataset_original_train_val/train/ai/normal_008405.png,fake,original,1024,1024,False
data/RRDataset_original_train_val/train/ai/Medical_&_Public_Health_000985.png,fake,original,1024,1024,False
data/RRDataset_original_train_val/train/ai/Political_&_Social_Events_000754.png,fake,original,1024,1024,False
data/RRDataset_original_train_val/train/ai/normal_008948.png,fake,original,256,256,False
data/RRDataset_original_train_val/train/ai/War_&_Conflict_Scenes_000567.png,fake,original,1024,1024,False
data/RRDataset_original_train_val/train/ai/normal_008688.png,fake,original,256,256,False
data/RRDataset_original_train_val/train/ai/normal_007221.png,fake,original,256,256,False
data/RRDataset_original_train_val/train/ai/normal_009123.png,fake,original,512,512,False
data/RRDataset_original_train_val/train/ai/Natural_Disasters_&_Accidents_000634.png,fake,original,1024,1024,False
data/RRDataset_original_train_val/train/ai/normal_009168.png,fake,original,256,256,False
data/RRDataset_original_train_val/train/ai/production_000399.png,fake,original,512,512,False
data/RRDataset_original_train_val/train/ai/Medical_&_Public_Health_000262.png,fake,original,512,512,False
data/RRDataset_original_train_val/train/ai/normal_007118.png,fake,original,256,256,False
data/RRDataset_original_train_val/train/ai/Culture_&_Religion_000129.png,fake,original,512,512,False
data/RRDataset_original_train_val/train/ai/normal_006895.jpg,fake,original,512,768,False
data/RRDataset_original_train_val/train/ai/production_000565.png,fake,original,1024,1024,False
data/RRDataset_original_train_val/train/ai/normal_007505.png,fake,original,256,256,False
data/RRDataset_original_train_val/train/ai/Political_&_Social_Events_000878.png,fake,original,1024,1024,False
data/RRDataset_original_train_val/train/ai/Medical_&_Public_Health_000235.png,fake,original,512,512,False
data/RRDataset_original_train_val/train/ai/War_&_Conflict_Scenes_000994.png,fake,original,1024,1024,False
data/RRDataset_original_train_val/train/ai/Culture_&_Religion_000045.png,fake,original,512,512,False
data/RRDataset_original_train_val/train/ai/Culture_&_Religion_000270.png,fake,original,512,512,False
data/RRDataset_original_train_val/train/ai/normal_008309.png,fake,original,1024,1024,False
data/RRDataset_original_train_val/train/ai/normal_006730.jpg,fake,original,764,1146,False
data/RRDataset_original_train_val/train/ai/normal_009590.png,fake,original,512,512,False
data/RRDataset_original_train_val/train/ai/Medical_&_Public_Health_000774.png,fake,original,1024,1024,False
data/RRDataset_original_train_val/train/ai/normal_008483.png,fake,original,1024,1024,False
data/RRDataset_original_train_val/train/ai/production_000941.png,fake,original,1024,1024,False
data/RRDataset_original_train_val/train/ai/production_000817.png,fake,original,1024,1024,False
data/RRDataset_original_train_val/train/ai/Medical_&_Public_Health_000385.png,fake,original,512,512,False
data/RRDataset_original_train_val/train/ai/normal_007624.png,fake,original,256,256,False
data/RRDataset_original_train_val/train/ai/Culture_&_Religion_000340.png,fake,original,512,512,False
data/RRDataset_original_train_val/train/ai/Political_&_Social_Events_000910.png,fake,original,1024,1024,False
data/RRDataset_original_train_val/train/ai/Culture_&_Religion_000102.png,fake,original,512,512,False
data/RRDataset_original_train_val/train/ai/Natural_Disasters_&_Accidents_000489.png,fake,original,512,512,False
data/RRDataset_original_train_val/train/ai/Culture_&_Religion_000043.png,fake,original,512,512,False
data/RRDataset_original_train_val/train/ai/normal_009231.png,fake,original,512,512,False
data/RRDataset_original_train_val/train/ai/normal_008647.png,fake,original,256,256,False
data/RRDataset_original_train_val/train/ai/Culture_&_Religion_000640.png,fake,original,1024,1024,False
data/RRDataset_original_train_val/train/ai/Natural_Disasters_&_Accidents_000181.png,fake,original,512,512,False
data/RRDataset_original_train_val/train/ai/production_000489.png,fake,original,512,512,False
data/RRDataset_original_train_val/train/ai/Natural_Disasters_&_Accidents_000808.png,fake,original,1024,1024,False
data/RRDataset_original_train_val/train/ai/normal_008052.png,fake,original,1024,1024,False
data/RRDataset_original_train_val/train/ai/production_000285.png,fake,original,512,512,False
data/RRDataset_original_train_val/train/ai/normal_005996.jpg,fake,original,450,675,False
data/RRDataset_original_train_val/train/ai/War_&_Conflict_Scenes_000608.png,fake,original,1024,1024,False
data/RRDataset_original_train_val/train/ai/Medical_&_Public_Health_000968.png,fake,original,1024,1024,False
data/RRDataset_original_train_val/train/ai/normal_007155.png,fake,original,256,256,False
data/RRDataset_original_train_val/train/ai/production_000759.png,fake,original,1024,1024,False
data/RRDataset_original_train_val/train/ai/production_000339.png,fake,original,512,512,False
data/RRDataset_original_train_val/train/ai/Culture_&_Religion_000590.png,fake,original,1024,1024,False
data/RRDataset_original_train_val/train/ai/Medical_&_Public_Health_000525.png,fake,original,1024,1024,False
data/RRDataset_original_train_val/train/ai/production_000116.png,fake,original,512,512,False
data/RRDataset_original_train_val/train/ai/normal_006548.jpg,fake,original,764,955,False
data/RRDataset_original_train_val/train/ai/normal_009578.png,fake,original,256,256,False
data/RRDataset_original_train_val/train/ai/Political_&_Social_Events_000688.png,fake,original,1024,1024,False
data/RRDataset_original_train_val/train/ai/Natural_Disasters_&_Accidents_000133.png,fake,original,512,512,False
data/RRDataset_original_train_val/train/ai/production_000636.png,fake,original,1024,1024,False
data/RRDataset_original_train_val/train/ai/normal_009515.png,fake,original,256,256,False
data/RRDataset_original_train_val/train/ai/Culture_&_Religion_000141.png,fake,original,512,512,False
data/RRDataset_original_train_val/train/ai/normal_007628.png,fake,original,256,256,False
data/RRDataset_original_train_val/train/ai/production_000419.png,fake,original,512,512,False
data/RRDataset_original_train_val/train/ai/Political_&_Social_Events_000358.png,fake,original,512,512,False
data/RRDataset_original_train_val/train/ai/War_&_Conflict_Scenes_000945.png,fake,original,1024,1024,False
data/RRDataset_original_train_val/train/ai/production_000237.png,fake,original,512,512,False
data/RRDataset_original_train_val/train/ai/Natural_Disasters_&_Accidents_000154.png,fake,original,512,512,False
data/RRDataset_original_train_val/train/ai/normal_007625.png,fake,original,256,256,False
data/RRDataset_original_train_val/train/ai/Natural_Disasters_&_Accidents_000782.png,fake,original,1024,1024,False
data/RRDataset_original_train_val/train/ai/Natural_Disasters_&_Accidents_000920.png,fake,original,1024,1024,False
data/RRDataset_original_train_val/train/ai/Culture_&_Religion_000607.png,fake,original,1024,1024,False
data/RRDataset_original_train_val/train/ai/War_&_Conflict_Scenes_000192.png,fake,original,512,512,False
data/RRDataset_original_train_val/train/ai/normal_009878.png,fake,original,256,256,False
data/RRDataset_original_train_val/train/ai/Culture_&_Religion_000761.png,fake,original,1024,1024,False
data/RRDataset_original_train_val/train/ai/normal_006382.jpg,fake,original,450,800,False
data/RRDataset_original_train_val/train/ai/Political_&_Social_Events_000778.png,fake,original,1024,1024,False
data/RRDataset_original_train_val/train/ai/Medical_&_Public_Health_000830.png,fake,original,1024,1024,False
data/RRDataset_original_train_val/train/ai/War_&_Conflict_Scenes_000414.png,fake,original,512,512,False
data/RRDataset_original_train_val/train/ai/normal_006067.jpg,fake,original,1024,1024,False
data/RRDataset_original_train_val/train/ai/production_000588.png,fake,original,1024,1024,False
data/RRDataset_original_train_val/train/ai/Culture_&_Religion_000938.png,fake,original,1024,1024,False
data/RRDataset_original_train_val/train/ai/Political_&_Social_Events_000498.png,fake,original,512,512,False
data/RRDataset_original_train_val/train/ai/normal_006239.jpg,fake,original,512,512,False
data/RRDataset_original_train_val/train/ai/normal_007403.png,fake,original,256,256,False
data/RRDataset_original_train_val/train/ai/production_000584.png,fake,original,1024,1024,False
data/RRDataset_original_train_val/train/ai/normal_007873.png,fake,original,256,256,False
data/RRDataset_original_train_val/train/ai/normal_006983.jpg,fake,original,764,1146,False
data/RRDataset_original_train_val/train/ai/War_&_Conflict_Scenes_000643.png,fake,original,1024,1024,False
data/RRDataset_original_train_val/train/ai/normal_008729.png,fake,original,256,256,False
data/RRDataset_original_train_val/train/ai/Natural_Disasters_&_Accidents_000793.png,fake,original,1024,1024,False
data/RRDataset_original_train_val/train/ai/normal_009929.png,fake,original,512,512,False
data/RRDataset_original_train_val/train/ai/Medical_&_Public_Health_000035.png,fake,original,512,512,False
data/RRDataset_original_train_val/train/ai/production_000273.png,fake,original,512,512,False
data/RRDataset_original_train_val/train/ai/Natural_Disasters_&_Accidents_000189.png,fake,original,512,512,False
data/RRDataset_original_train_val/train/ai/production_000806.png,fake,original,1024,1024,False
data/RRDataset_original_train_val/train/ai/normal_007657.png,fake,original,256,256,False
data/RRDataset_original_train_val/train/ai/normal_007224.png,fake,original,256,256,False
data/RRDataset_original_train_val/train/ai/Medical_&_Public_Health_000702.png,fake,original,1024,1024,False
data/RRDataset_original_train_val/train/ai/Political_&_Social_Events_000770.png,fake,original,1024,1024,False
data/RRDataset_original_train_val/train/ai/normal_009140.png,fake,original,256,256,False
data/RRDataset_original_train_val/train/ai/normal_008018.png,fake,original,1024,1024,False
data/RRDataset_original_train_val/train/ai/Culture_&_Religion_000951.png,fake,original,1024,1024,False
data/RRDataset_original_train_val/train/ai/Natural_Disasters_&_Accidents_000366.png,fake,original,512,512,False
data/RRDataset_original_train_val/train/ai/Medical_&_Public_Health_000780.png,fake,original,1024,1024,False
data/RRDataset_original_train_val/train/ai/normal_007933.png,fake,original,256,256,False
data/RRDataset_original_train_val/train/ai/normal_006053.jpg,fake,original,450,675,False
data/RRDataset_original_train_val/train/ai/Political_&_Social_Events_000222.png,fake,original,512,512,False
data/RRDataset_original_train_val/train/ai/normal_009775.png,fake,original,256,256,False
data/RRDataset_original_train_val/train/ai/Medical_&_Public_Health_000522.png,fake,original,1024,1024,False
data/RRDataset_original_train_val/train/ai/production_000649.png,fake,original,1024,1024,False
data/RRDataset_original_train_val/train/ai/Medical_&_Public_Health_000754.png,fake,original,1024,1024,False
data/RRDataset_original_train_val/train/ai/Medical_&_Public_Health_000821.png,fake,original,1024,1024,False
data/RRDataset_original_train_val/train/ai/normal_008289.png,fake,original,1024,1024,False
data/RRDataset_original_train_val/train/ai/production_000461.png,fake,original,512,512,False
data/RRDataset_original_train_val/train/ai/Medical_&_Public_Health_000361.png,fake,original,512,512,False
data/RRDataset_original_train_val/train/ai/Natural_Disasters_&_Accidents_000422.png,fake,original,512,512,False
data/RRDataset_original_train_val/train/ai/normal_009521.png,fake,original,512,512,False
data/RRDataset_original_train_val/train/ai/production_000540.png,fake,original,1024,1024,False
data/RRDataset_original_train_val/train/ai/normal_009143.png,fake,original,256,256,False
data/RRDataset_original_train_val/train/ai/War_&_Conflict_Scenes_000220.png,fake,original,512,512,False
data/RRDataset_original_train_val/train/ai/Culture_&_Religion_000306.png,fake,original,512,512,False
data/RRDataset_original_train_val/train/ai/Medical_&_Public_Health_000393.png,fake,original,512,512,False
data/RRDataset_original_train_val/train/ai/normal_009458.png,fake,original,512,512,False
data/RRDataset_original_train_val/train/ai/War_&_Conflict_Scenes_000582.png,fake,original,1024,1024,False
data/RRDataset_original_train_val/train/ai/production_000988.png,fake,original,1024,1024,False
data/RRDataset_original_train_val/train/ai/Culture_&_Religion_000828.png,fake,original,1024,1024,False
data/RRDataset_original_train_val/train/ai/War_&_Conflict_Scenes_000683.png,fake,original,1024,1024,False
data/RRDataset_original_train_val/train/ai/War_&_Conflict_Scenes_000777.png,fake,original,1024,1024,False
data/RRDataset_original_train_val/train/ai/normal_009616.png,fake,original,256,256,False
data/RRDataset_original_train_val/train/ai/production_000728.png,fake,original,1024,1024,False
data/RRDataset_original_train_val/train/ai/Natural_Disasters_&_Accidents_000427.png,fake,original,512,512,False
data/RRDataset_original_train_val/train/ai/normal_006007.jpg,fake,original,764,1146,False
data/RRDataset_original_train_val/train/ai/normal_008624.png,fake,original,256,256,False
data/RRDataset_original_train_val/train/ai/Political_&_Social_Events_000360.png,fake,original,512,512,False
data/RRDataset_original_train_val/train/ai/normal_008025.png,fake,original,1024,1024,False
data/RRDataset_original_train_val/train/ai/Culture_&_Religion_000186.png,fake,original,512,512,False
data/RRDataset_original_train_val/train/ai/normal_008947.png,fake,original,256,256,False
data/RRDataset_original_train_val/train/ai/Medical_&_Public_Health_000527.png,fake,original,1024,1024,False
data/RRDataset_original_train_val/train/ai/normal_008832.png,fake,original,256,256,False
data/RRDataset_original_train_val/train/ai/Medical_&_Public_Health_000120.png,fake,original,512,512,False
data/RRDataset_original_train_val/train/ai/Political_&_Social_Events_000242.png,fake,original,512,512,False
data/RRDataset_original_train_val/train/ai/normal_009130.png,fake,original,256,256,False
data/RRDataset_original_train_val/train/ai/normal_009322.png,fake,original,512,512,False
data/RRDataset_original_train_val/train/ai/normal_006492.jpg,fake,original,450,750,False
data/RRDataset_original_train_val/train/ai/Medical_&_Public_Health_000173.png,fake,original,512,512,False
data/RRDataset_original_train_val/train/ai/production_000893.png,fake,original,1024,1024,False
data/RRDataset_original_train_val/train/ai/normal_009076.png,fake,original,256,256,False
data/RRDataset_original_train_val/train/ai/normal_009114.png,fake,original,256,256,False
data/RRDataset_original_train_val/train/ai/Political_&_Social_Events_000002.png,fake,original,512,512,False
data/RRDataset_original_train_val/train/ai/normal_006191.jpg,fake,original,764,1146,False
data/RRDataset_original_train_val/train/ai/Culture_&_Religion_000960.png,fake,original,1024,1024,False
data/RRDataset_original_train_val/train/ai/normal_008932.png,fake,original,256,256,False
data/RRDataset_original_train_val/train/ai/normal_006763.jpg,fake,original,764,1603,False
data/RRDataset_original_train_val/train/ai/War_&_Conflict_Scenes_000344.png,fake,original,512,512,False
data/RRDataset_original_train_val/train/ai/War_&_Conflict_Scenes_000247.png,fake,original,512,512,False
data/RRDataset_original_train_val/train/ai/normal_007918.png,fake,original,256,256,False
data/RRDataset_original_train_val/train/ai/Natural_Disasters_&_Accidents_000773.png,fake,original,1024,1024,False
data/RRDataset_original_train_val/train/ai/normal_006767.jpg,fake,original,512,768,False
data/RRDataset_original_train_val/train/ai/normal_006101.jpg,fake,original,764,1117,False
data/RRDataset_original_train_val/train/ai/normal_007435.png,fake,original,256,256,False
data/RRDataset_original_train_val/train/ai/normal_009998.png,fake,original,512,512,False
data/RRDataset_original_train_val/train/ai/Natural_Disasters_&_Accidents_000758.png,fake,original,1024,1024,False
data/RRDataset_original_train_val/train/ai/production_000245.png,fake,original,512,512,False
data/RRDataset_original_train_val/train/ai/Natural_Disasters_&_Accidents_000805.png,fake,original,1024,1024,False
data/RRDataset_original_train_val/train/ai/normal_009557.png,fake,original,512,512,False
data/RRDataset_original_train_val/train/ai/War_&_Conflict_Scenes_000274.png,fake,original,512,512,False
data/RRDataset_original_train_val/train/ai/Culture_&_Religion_000003.png,fake,original,512,512,False
data/RRDataset_original_train_val/train/ai/normal_006879.jpg,fake,original,764,1146,False
data/RRDataset_original_train_val/train/ai/normal_008714.png,fake,original,256,256,False
data/RRDataset_original_train_val/train/ai/Medical_&_Public_Health_000990.png,fake,original,1024,1024,False
data/RRDataset_original_train_val/train/ai/War_&_Conflict_Scenes_000875.png,fake,original,1024,1024,False
data/RRDataset_original_train_val/train/ai/production_000053.png,fake,original,512,512,False
data/RRDataset_original_train_val/train/ai/normal_006752.jpg,fake,original,1280,1920,False
data/RRDataset_original_train_val/train/ai/Political_&_Social_Events_000538.png,fake,original,1024,1024,False
data/RRDataset_original_train_val/train/ai/normal_009678.png,fake,original,256,256,False
data/RRDataset_original_train_val/train/ai/Natural_Disasters_&_Accidents_000026.png,fake,original,512,512,False
data/RRDataset_original_train_val/train/ai/normal_008598.png,fake,original,256,256,False
data/RRDataset_original_train_val/train/ai/production_000139.png,fake,original,512,512,False
data/RRDataset_original_train_val/train/ai/Political_&_Social_Events_000640.png,fake,original,1024,1024,False
data/RRDataset_original_train_val/train/ai/Political_&_Social_Events_000247.png,fake,original,512,512,False
data/RRDataset_original_train_val/train/ai/Political_&_Social_Events_000422.png,fake,original,512,512,False
data/RRDataset_original_train_val/train/ai/War_&_Conflict_Scenes_000491.png,fake,original,512,512,False
data/RRDataset_original_train_val/train/ai/normal_008811.png,fake,original,256,256,False
data/RRDataset_original_train_val/train/ai/Political_&_Social_Events_000638.png,fake,original,1024,1024,False
data/RRDataset_original_train_val/train/ai/normal_009497.png,fake,original,256,256,False
data/RRDataset_original_train_val/train/ai/normal_007771.png,fake,original,256,256,False
data/RRDataset_original_train_val/train/ai/War_&_Conflict_Scenes_000293.png,fake,original,512,512,False
data/RRDataset_original_train_val/train/ai/Medical_&_Public_Health_000237.png,fake,original,512,512,False
data/RRDataset_original_train_val/train/ai/Medical_&_Public_Health_000926.png,fake,original,1024,1024,False
data/RRDataset_original_train_val/train/ai/Political_&_Social_Events_000092.png,fake,original,512,512,False
data/RRDataset_original_train_val/train/ai/Medical_&_Public_Health_000741.png,fake,original,1024,1024,False
data/RRDataset_original_train_val/train/ai/Natural_Disasters_&_Accidents_000337.png,fake,original,512,512,False
data/RRDataset_original_train_val/train/ai/normal_006695.jpg,fake,original,764,764,False
data/RRDataset_original_train_val/train/ai/normal_006210.jpg,fake,original,764,1528,False
data/RRDataset_original_train_val/train/ai/normal_007594.png,fake,original,256,256,False
data/RRDataset_original_train_val/train/ai/normal_006532.jpg,fake,original,450,450,False
data/RRDataset_original_train_val/train/ai/War_&_Conflict_Scenes_000996.png,fake,original,1024,1024,False
data/RRDataset_original_train_val/train/ai/Natural_Disasters_&_Accidents_000150.png,fake,original,512,512,False
data/RRDataset_original_train_val/train/ai/Culture_&_Religion_000787.png,fake,original,1024,1024,False
data/RRDataset_original_train_val/train/ai/normal_006464.jpg,fake,original,450,675,False
data/RRDataset_original_train_val/train/ai/normal_009947.png,fake,original,512,512,False
data/RRDataset_original_train_val/train/ai/War_&_Conflict_Scenes_000779.png,fake,original,1024,1024,False
data/RRDataset_original_train_val/train/ai/War_&_Conflict_Scenes_000228.png,fake,original,512,512,False
data/RRDataset_original_train_val/train/ai/normal_008111.png,fake,original,1024,1024,False
data/RRDataset_original_train_val/train/ai/Medical_&_Public_Health_000893.png,fake,original,1024,1024,False
data/RRDataset_original_train_val/train/ai/Natural_Disasters_&_Accidents_000164.png,fake,original,512,512,False
data/RRDataset_original_train_val/train/ai/Natural_Disasters_&_Accidents_000594.png,fake,original,1024,1024,False
data/RRDataset_original_train_val/train/ai/normal_007980.png,fake,original,256,256,False
data/RRDataset_original_train_val/train/ai/Natural_Disasters_&_Accidents_000510.png,fake,original,1024,1024,False
data/RRDataset_original_train_val/train/ai/War_&_Conflict_Scenes_000185.png,fake,original,512,512,False
data/RRDataset_original_train_val/train/ai/Natural_Disasters_&_Accidents_000233.png,fake,original,512,512,False
data/RRDataset_original_train_val/train/ai/normal_008369.png,fake,original,1024,1024,False
data/RRDataset_original_train_val/train/ai/normal_007651.png,fake,original,256,256,False
data/RRDataset_original_train_val/train/ai/Natural_Disasters_&_Accidents_000831.png,fake,original,1024,1024,False
data/RRDataset_original_train_val/train/ai/normal_009803.png,fake,original,256,256,False
data/RRDataset_original_train_val/train/ai/production_000804.png,fake,original,1024,1024,False
data/RRDataset_original_train_val/train/ai/normal_007609.png,fake,original,256,256,False
data/RRDataset_original_train_val/train/ai/Culture_&_Religion_000449.png,fake,original,512,512,False
data/RRDataset_original_train_val/train/ai/Culture_&_Religion_000946.png,fake,original,1024,1024,False
data/RRDataset_original_train_val/train/ai/production_000357.png,fake,original,512,512,False
data/RRDataset_original_train_val/train/ai/normal_008136.png,fake,original,1024,1024,False
data/RRDataset_original_train_val/train/ai/normal_007760.png,fake,original,256,256,False
data/RRDataset_original_train_val/train/ai/Political_&_Social_Events_000721.png,fake,original,1024,1024,False
data/RRDataset_original_train_val/train/ai/Culture_&_Religion_000595.png,fake,original,1024,1024,False
data/RRDataset_original_train_val/train/ai/production_000713.png,fake,original,1024,1024,False
data/RRDataset_original_train_val/train/ai/production_000538.png,fake,original,1024,1024,False
data/RRDataset_original_train_val/train/ai/normal_007169.png,fake,original,256,256,False
data/RRDataset_original_train_val/train/ai/normal_008799.png,fake,original,256,256,False
data/RRDataset_original_train_val/train/ai/production_000953.png,fake,original,1024,1024,False
data/RRDataset_original_train_val/train/ai/production_000870.png,fake,original,1024,1024,False
data/RRDataset_original_train_val/train/ai/Political_&_Social_Events_000353.png,fake,original,512,512,False
data/RRDataset_original_train_val/train/ai/normal_008800.png,fake,original,256,256,False
data/RRDataset_original_train_val/train/ai/production_000160.png,fake,original,512,512,False
data/RRDataset_original_train_val/train/ai/War_&_Conflict_Scenes_000975.png,fake,original,1024,1024,False
data/RRDataset_original_train_val/train/ai/Medical_&_Public_Health_000499.png,fake,original,512,512,False
data/RRDataset_original_train_val/train/ai/production_000764.png,fake,original,1024,1024,False
data/RRDataset_original_train_val/train/ai/normal_009203.png,fake,original,512,512,False
data/RRDataset_original_train_val/train/ai/Culture_&_Religion_000067.png,fake,original,512,512,False
data/RRDataset_original_train_val/train/ai/production_000007.png,fake,original,512,512,False
data/RRDataset_original_train_val/train/ai/normal_006343.jpg,fake,original,764,1146,False
data/RRDataset_original_train_val/train/ai/Medical_&_Public_Health_000546.png,fake,original,1024,1024,False
data/RRDataset_original_train_val/train/ai/Political_&_Social_Events_000884.png,fake,original,1024,1024,False
data/RRDataset_original_train_val/train/ai/normal_008510.png,fake,original,1024,1024,False
data/RRDataset_original_train_val/train/ai/normal_008121.png,fake,original,1024,1024,False
data/RRDataset_original_train_val/train/ai/Medical_&_Public_Health_000704.png,fake,original,1024,1024,False
data/RRDataset_original_train_val/train/ai/Medical_&_Public_Health_000327.png,fake,original,512,512,False
data/RRDataset_original_train_val/train/ai/normal_006913.jpg,fake,original,450,800,False
data/RRDataset_original_train_val/train/ai/normal_006955.jpg,fake,original,450,675,False
data/RRDataset_original_train_val/train/ai/Natural_Disasters_&_Accidents_000978.png,fake,original,1024,1024,False
data/RRDataset_original_train_val/train/ai/normal_006347.jpg,fake,original,764,764,False
data/RRDataset_original_train_val/train/ai/normal_006706.jpg,fake,original,450,360,False
data/RRDataset_original_train_val/train/ai/War_&_Conflict_Scenes_000323.png,fake,original,512,512,False
data/RRDataset_original_train_val/train/ai/normal_009902.png,fake,original,512,512,False
data/RRDataset_original_train_val/train/ai/Culture_&_Religion_000076.png,fake,original,512,512,False
data/RRDataset_original_train_val/train/ai/Natural_Disasters_&_Accidents_000626.png,fake,original,1024,1024,False
data/RRDataset_original_train_val/train/ai/normal_007007.png,fake,original,256,256,False
data/RRDataset_original_train_val/train/ai/War_&_Conflict_Scenes_000515.png,fake,original,1024,1024,False
data/RRDataset_original_train_val/train/ai/Natural_Disasters_&_Accidents_000355.png,fake,original,512,512,False
data/RRDataset_original_train_val/train/ai/normal_007440.png,fake,original,256,256,False
data/RRDataset_original_train_val/train/ai/normal_008831.png,fake,original,256,256,False
data/RRDataset_original_train_val/train/ai/Natural_Disasters_&_Accidents_000276.png,fake,original,512,512,False
data/RRDataset_original_train_val/train/ai/Culture_&_Religion_000336.png,fake,original,512,512,False
data/RRDataset_original_train_val/train/ai/Natural_Disasters_&_Accidents_000772.png,fake,original,1024,1024,False
data/RRDataset_original_train_val/train/ai/War_&_Conflict_Scenes_000150.png,fake,original,512,512,False
data/RRDataset_original_train_val/train/ai/normal_007765.png,fake,original,256,256,False
data/RRDataset_original_train_val/train/ai/War_&_Conflict_Scenes_000145.png,fake,original,512,512,False
data/RRDataset_original_train_val/train/ai/normal_008770.png,fake,original,256,256,False
data/RRDataset_original_train_val/train/ai/normal_008297.png,fake,original,1024,1024,False
data/RRDataset_original_train_val/train/ai/normal_008048.png,fake,original,1024,1024,False
data/RRDataset_original_train_val/train/ai/Natural_Disasters_&_Accidents_000177.png,fake,original,512,512,False
data/RRDataset_original_train_val/train/ai/War_&_Conflict_Scenes_000030.png,fake,original,512,512,False
data/RRDataset_original_train_val/train/ai/normal_006708.jpg,fake,original,764,458,False
data/RRDataset_original_train_val/train/ai/normal_006720.jpg,fake,original,640,960,False
data/RRDataset_original_train_val/train/ai/War_&_Conflict_Scenes_000255.png,fake,original,512,512,False
data/RRDataset_original_train_val/train/ai/normal_009422.png,fake,original,256,256,False
data/RRDataset_original_train_val/train/ai/Political_&_Social_Events_000407.png,fake,original,512,512,False
data/RRDataset_original_train_val/train/ai/normal_006064.jpg,fake,original,450,600,False
data/RRDataset_original_train_val/train/ai/War_&_Conflict_Scenes_000009.png,fake,original,512,512,False
data/RRDataset_original_train_val/train/ai/War_&_Conflict_Scenes_000123.png,fake,original,512,512,False
data/RRDataset_original_train_val/train/ai/Political_&_Social_Events_000385.png,fake,original,512,512,False
data/RRDataset_original_train_val/train/ai/Political_&_Social_Events_000499.png,fake,original,1024,1024,False
data/RRDataset_original_train_val/train/ai/Natural_Disasters_&_Accidents_000977.png,fake,original,1024,1024,False
data/RRDataset_original_train_val/train/ai/normal_009703.png,fake,original,512,512,False
data/RRDataset_original_train_val/train/ai/Culture_&_Religion_000064.png,fake,original,512,512,False
data/RRDataset_original_train_val/train/ai/Political_&_Social_Events_000879.png,fake,original,1024,1024,False
data/RRDataset_original_train_val/train/ai/Medical_&_Public_Health_000829.png,fake,original,1024,1024,False
data/RRDataset_original_train_val/train/ai/production_000148.png,fake,original,512,512,False
data/RRDataset_original_train_val/train/ai/normal_009695.png,fake,original,512,512,False
data/RRDataset_original_train_val/train/ai/normal_006281.jpg,fake,original,764,1358,False
data/RRDataset_original_train_val/train/ai/Natural_Disasters_&_Accidents_000327.png,fake,original,512,512,False
data/RRDataset_original_train_val/train/ai/Culture_&_Religion_000474.png,fake,original,512,512,False
data/RRDataset_original_train_val/train/ai/Medical_&_Public_Health_000960.png,fake,original,1024,1024,False
data/RRDataset_original_train_val/train/ai/production_000857.png,fake,original,1024,1024,False
data/RRDataset_original_train_val/train/ai/normal_008661.png,fake,original,256,256,False
data/RRDataset_original_train_val/train/ai/Political_&_Social_Events_000755.png,fake,original,1024,1024,False
data/RRDataset_original_train_val/train/ai/Political_&_Social_Events_000478.png,fake,original,512,512,False
data/RRDataset_original_train_val/train/ai/normal_007225.png,fake,original,256,256,False
data/RRDataset_original_train_val/train/ai/Medical_&_Public_Health_000814.png,fake,original,1024,1024,False
data/RRDataset_original_train_val/train/ai/Natural_Disasters_&_Accidents_000315.png,fake,original,512,512,False
data/RRDataset_original_train_val/train/ai/Medical_&_Public_Health_000746.png,fake,original,1024,1024,False
data/RRDataset_original_train_val/train/ai/War_&_Conflict_Scenes_000754.png,fake,original,1024,1024,False
data/RRDataset_original_train_val/train/ai/normal_008646.png,fake,original,256,256,False
data/RRDataset_original_train_val/train/ai/Natural_Disasters_&_Accidents_000623.png,fake,original,1024,1024,False
data/RRDataset_original_train_val/train/ai/normal_008175.png,fake,original,1024,1024,False
data/RRDataset_original_train_val/train/ai/Culture_&_Religion_000753.png,fake,original,1024,1024,False
data/RRDataset_original_train_val/train/ai/Natural_Disasters_&_Accidents_000212.png,fake,original,512,512,False
data/RRDataset_original_train_val/train/ai/Medical_&_Public_Health_000085.png,fake,original,512,512,False
data/RRDataset_original_train_val/train/ai/normal_006933.jpg,fake,original,764,764,False
data/RRDataset_original_train_val/train/ai/Political_&_Social_Events_000458.png,fake,original,512,512,False
data/RRDataset_original_train_val/train/ai/normal_006696.jpg,fake,original,764,1146,False
data/RRDataset_original_train_val/train/ai/War_&_Conflict_Scenes_000519.png,fake,original,1024,1024,False
data/RRDataset_original_train_val/train/ai/Culture_&_Religion_000326.png,fake,original,512,512,False
data/RRDataset_original_train_val/train/ai/normal_009573.png,fake,original,256,256,False
data/RRDataset_original_train_val/train/ai/Political_&_Social_Events_000067.png,fake,original,512,512,False
data/RRDataset_original_train_val/train/ai/normal_008561.png,fake,original,1024,1024,False
data/RRDataset_original_train_val/train/ai/Political_&_Social_Events_000132.png,fake,original,512,512,False
data/RRDataset_original_train_val/train/ai/Culture_&_Religion_000563.png,fake,original,1024,1024,False
data/RRDataset_original_train_val/train/ai/normal_006475.jpg,fake,original,764,1146,False
data/RRDataset_original_train_val/train/ai/Medical_&_Public_Health_000890.png,fake,original,1024,1024,False
data/RRDataset_original_train_val/train/ai/production_000514.png,fake,original,1024,1024,False
data/RRDataset_original_train_val/train/ai/normal_006383.jpg,fake,original,450,675,False
data/RRDataset_original_train_val/train/ai/Political_&_Social_Events_000831.png,fake,original,1024,1024,False
data/RRDataset_original_train_val/train/ai/Culture_&_Religion_000147.png,fake,original,512,512,False
data/RRDataset_original_train_val/train/ai/Culture_&_Religion_000826.png,fake,original,1024,1024,False
data/RRDataset_original_train_val/train/ai/Natural_Disasters_&_Accidents_000043.png,fake,original,512,512,False
data/RRDataset_original_train_val/train/ai/War_&_Conflict_Scenes_000711.png,fake,original,1024,1024,False
data/RRDataset_original_train_val/train/ai/Natural_Disasters_&_Accidents_000209.png,fake,original,512,512,False
data/RRDataset_original_train_val/train/ai/Natural_Disasters_&_Accidents_000185.png,fake,original,512,512,False
data/RRDataset_original_train_val/train/ai/War_&_Conflict_Scenes_000704.png,fake,original,1024,1024,False
data/RRDataset_original_train_val/train/ai/normal_009983.png,fake,original,512,512,False
data/RRDataset_original_train_val/train/ai/normal_007755.png,fake,original,256,256,False
data/RRDataset_original_train_val/train/ai/normal_008970.png,fake,original,256,256,False
data/RRDataset_original_train_val/train/ai/Culture_&_Religion_000047.png,fake,original,512,512,False
data/RRDataset_original_train_val/train/ai/normal_007127.png,fake,original,256,256,False
data/RRDataset_original_train_val/train/ai/normal_006367.jpg,fake,original,450,450,False
data/RRDataset_original_train_val/train/ai/normal_006488.jpg,fake,original,450,657,False
data/RRDataset_original_train_val/train/ai/Political_&_Social_Events_000801.png,fake,original,1024,1024,False
data/RRDataset_original_train_val/train/ai/normal_007251.png,fake,original,256,256,False
data/RRDataset_original_train_val/train/ai/Culture_&_Religion_000195.png,fake,original,512,512,False
data/RRDataset_original_train_val/train/ai/Natural_Disasters_&_Accidents_000218.png,fake,original,512,512,False
data/RRDataset_original_train_val/train/ai/normal_007838.png,fake,original,256,256,False
data/RRDataset_original_train_val/train/ai/War_&_Conflict_Scenes_000813.png,fake,original,1024,1024,False
data/RRDataset_original_train_val/train/ai/Medical_&_Public_Health_000610.png,fake,original,1024,1024,False
data/RRDataset_original_train_val/train/ai/normal_006965.jpg,fake,original,764,430,False
data/RRDataset_original_train_val/train/ai/production_000660.png,fake,original,1024,1024,False
data/RRDataset_original_train_val/train/ai/normal_009300.png,fake,original,512,512,False
data/RRDataset_original_train_val/train/ai/normal_008437.png,fake,original,1024,1024,False
data/RRDataset_original_train_val/train/ai/Medical_&_Public_Health_000287.png,fake,original,512,512,False
data/RRDataset_original_train_val/train/ai/Medical_&_Public_Health_000505.png,fake,original,1024,1024,False
data/RRDataset_original_train_val/train/ai/normal_009109.png,fake,original,256,256,False
data/RRDataset_original_train_val/train/ai/Natural_Disasters_&_Accidents_000868.png,fake,original,1024,1024,False
data/RRDataset_original_train_val/train/ai/War_&_Conflict_Scenes_000915.png,fake,original,1024,1024,False
data/RRDataset_original_train_val/train/ai/normal_006795.jpg,fake,original,764,509,False
data/RRDataset_original_train_val/train/ai/normal_009633.png,fake,original,512,512,False
data/RRDataset_original_train_val/train/ai/Medical_&_Public_Health_000311.png,fake,original,512,512,False
data/RRDataset_original_train_val/train/ai/normal_009083.png,fake,original,256,256,False
data/RRDataset_original_train_val/train/ai/production_000470.png,fake,original,512,512,False
data/RRDataset_original_train_val/train/ai/production_000440.png,fake,original,512,512,False
data/RRDataset_original_train_val/train/ai/War_&_Conflict_Scenes_000928.png,fake,original,1024,1024,False
data/RRDataset_original_train_val/train/ai/War_&_Conflict_Scenes_000098.png,fake,original,512,512,False
data/RRDataset_original_train_val/train/ai/normal_009492.png,fake,original,256,256,False
data/RRDataset_original_train_val/train/ai/War_&_Conflict_Scenes_000544.png,fake,original,1024,1024,False
data/RRDataset_original_train_val/train/ai/normal_007972.png,fake,original,256,256,False
data/RRDataset_original_train_val/train/ai/normal_006775.jpg,fake,original,764,448,False
data/RRDataset_original_train_val/train/ai/Political_&_Social_Events_000106.png,fake,original,512,512,False
data/RRDataset_original_train_val/train/ai/production_000093.png,fake,original,512,512,False
data/RRDataset_original_train_val/train/ai/Natural_Disasters_&_Accidents_000877.png,fake,original,1024,1024,False
data/RRDataset_original_train_val/train/ai/Medical_&_Public_Health_000163.png,fake,original,512,512,False
data/RRDataset_original_train_val/train/ai/normal_006152.jpg,fake,original,764,1019,False
data/RRDataset_original_train_val/train/ai/production_000567.png,fake,original,1024,1024,False
data/RRDataset_original_train_val/train/ai/normal_007659.png,fake,original,256,256,False
data/RRDataset_original_train_val/train/ai/normal_007407.png,fake,original,256,256,False
data/RRDataset_original_train_val/train/ai/normal_008476.png,fake,original,1024,1024,False
data/RRDataset_original_train_val/train/ai/normal_009657.png,fake,original,256,256,False
data/RRDataset_original_train_val/train/ai/Medical_&_Public_Health_000868.png,fake,original,1024,1024,False
data/RRDataset_original_train_val/train/ai/normal_008129.png,fake,original,1024,1024,False
data/RRDataset_original_train_val/train/ai/normal_008849.png,fake,original,256,256,False
data/RRDataset_original_train_val/train/ai/War_&_Conflict_Scenes_000866.png,fake,original,1024,1024,False
data/RRDataset_original_train_val/train/ai/Culture_&_Religion_000295.png,fake,original,512,512,False
data/RRDataset_original_train_val/train/ai/normal_008238.png,fake,original,1024,1024,False
data/RRDataset_original_train_val/train/ai/normal_008479.png,fake,original,1024,1024,False
data/RRDataset_original_train_val/train/ai/Culture_&_Religion_000963.png,fake,original,1024,1024,False
data/RRDataset_original_train_val/train/ai/Culture_&_Religion_000204.png,fake,original,512,512,False
data/RRDataset_original_train_val/train/ai/War_&_Conflict_Scenes_000147.png,fake,original,512,512,False
data/RRDataset_original_train_val/train/ai/normal_006429.jpg,fake,original,764,509,False
data/RRDataset_original_train_val/train/ai/production_000048.png,fake,original,512,512,False
data/RRDataset_original_train_val/train/ai/production_000898.png,fake,original,1024,1024,False
data/RRDataset_original_train_val/train/ai/Natural_Disasters_&_Accidents_000146.png,fake,original,512,512,False
data/RRDataset_original_train_val/train/ai/Political_&_Social_Events_000772.png,fake,original,1024,1024,False
data/RRDataset_original_train_val/train/ai/normal_006602.jpg,fake,original,1024,1536,False
data/RRDataset_original_train_val/train/ai/Medical_&_Public_Health_000515.png,fake,original,1024,1024,False
data/RRDataset_original_train_val/train/ai/normal_008769.png,fake,original,256,256,False
data/RRDataset_original_train_val/train/ai/War_&_Conflict_Scenes_000995.png,fake,original,1024,1024,False
data/RRDataset_original_train_val/train/ai/War_&_Conflict_Scenes_000715.png,fake,original,1024,1024,False
data/RRDataset_original_train_val/train/ai/War_&_Conflict_Scenes_000088.png,fake,original,512,512,False
data/RRDataset_original_train_val/train/ai/Natural_Disasters_&_Accidents_000655.png,fake,original,1024,1024,False
data/RRDataset_original_train_val/train/ai/Natural_Disasters_&_Accidents_000290.png,fake,original,512,512,False
data/RRDataset_original_train_val/train/ai/War_&_Conflict_Scenes_000890.png,fake,original,1024,1024,False
data/RRDataset_original_train_val/train/ai/normal_006394.jpg,fake,original,764,1146,False
data/RRDataset_original_train_val/train/ai/normal_009137.png,fake,original,256,256,False
data/RRDataset_original_train_val/train/ai/normal_006914.jpg,fake,original,764,1358,False
data/RRDataset_original_train_val/train/ai/War_&_Conflict_Scenes_000530.png,fake,original,1024,1024,False
data/RRDataset_original_train_val/train/ai/War_&_Conflict_Scenes_000856.png,fake,original,1024,1024,False
data/RRDataset_original_train_val/train/ai/production_000624.png,fake,original,1024,1024,False
data/RRDataset_original_train_val/train/ai/normal_008695.png,fake,original,256,256,False
data/RRDataset_original_train_val/train/ai/Culture_&_Religion_000283.png,fake,original,512,512,False
data/RRDataset_original_train_val/train/ai/normal_006846.jpg,fake,original,450,675,False
data/RRDataset_original_train_val/train/ai/Political_&_Social_Events_000142.png,fake,original,512,512,False
data/RRDataset_original_train_val/train/ai/normal_008844.png,fake,original,256,256,False
data/RRDataset_original_train_val/train/ai/Natural_Disasters_&_Accidents_000539.png,fake,original,1024,1024,False
data/RRDataset_original_train_val/train/ai/normal_007126.png,fake,original,256,256,False
data/RRDataset_original_train_val/train/ai/production_000924.png,fake,original,1024,1024,False
data/RRDataset_original_train_val/train/ai/Natural_Disasters_&_Accidents_000644.png,fake,original,1024,1024,False
data/RRDataset_original_train_val/train/ai/normal_007679.png,fake,original,256,256,False
data/RRDataset_original_train_val/train/ai/production_000574.png,fake,original,1024,1024,False
data/RRDataset_original_train_val/train/ai/War_&_Conflict_Scenes_000775.png,fake,original,1024,1024,False
data/RRDataset_original_train_val/train/ai/normal_009954.png,fake,original,512,512,False
data/RRDataset_original_train_val/train/ai/Culture_&_Religion_000053.png,fake,original,512,512,False
data/RRDataset_original_train_val/train/ai/normal_008937.png,fake,original,256,256,False
data/RRDataset_original_train_val/train/ai/normal_008467.png,fake,original,1024,1024,False
data/RRDataset_original_train_val/train/ai/Culture_&_Religion_000084.png,fake,original,512,512,False
data/RRDataset_original_train_val/train/ai/Political_&_Social_Events_000297.png,fake,original,512,512,False
data/RRDataset_original_train_val/train/ai/Medical_&_Public_Health_000477.png,fake,original,512,512,False
data/RRDataset_original_train_val/train/ai/normal_007943.png,fake,original,256,256,False
data/RRDataset_original_train_val/train/ai/Political_&_Social_Events_000588.png,fake,original,1024,1024,False
data/RRDataset_original_train_val/train/ai/normal_006003.jpg,fake,original,450,270,False
data/RRDataset_original_train_val/train/ai/War_&_Conflict_Scenes_000335.png,fake,original,512,512,False
data/RRDataset_original_train_val/train/ai/normal_008952.png,fake,original,256,256,False
data/RRDataset_original_train_val/train/ai/Natural_Disasters_&_Accidents_000213.png,fake,original,512,512,False
data/RRDataset_original_train_val/train/ai/normal_008963.png,fake,original,256,256,False
data/RRDataset_original_train_val/train/ai/Natural_Disasters_&_Accidents_000725.png,fake,original,1024,1024,False
data/RRDataset_original_train_val/train/ai/Natural_Disasters_&_Accidents_000879.png,fake,original,1024,1024,False
data/RRDataset_original_train_val/train/ai/Culture_&_Religion_000333.png,fake,original,512,512,False
data/RRDataset_original_train_val/train/ai/normal_006305.jpg,fake,original,450,564,False
data/RRDataset_original_train_val/train/ai/Natural_Disasters_&_Accidents_000812.png,fake,original,1024,1024,False
data/RRDataset_original_train_val/train/ai/normal_009293.png,fake,original,512,512,False
data/RRDataset_original_train_val/train/ai/normal_007075.png,fake,original,256,256,False
data/RRDataset_original_train_val/train/ai/normal_007176.png,fake,original,256,256,False
data/RRDataset_original_train_val/train/ai/Political_&_Social_Events_000562.png,fake,original,1024,1024,False
data/RRDataset_original_train_val/train/ai/normal_006409.jpg,fake,original,1024,1536,False
data/RRDataset_original_train_val/train/ai/production_000400.png,fake,original,512,512,False
data/RRDataset_original_train_val/train/ai/War_&_Conflict_Scenes_000948.png,fake,original,1024,1024,False
data/RRDataset_original_train_val/train/ai/normal_006961.jpg,fake,original,764,1146,False
data/RRDataset_original_train_val/train/ai/Natural_Disasters_&_Accidents_000378.png,fake,original,512,512,False
data/RRDataset_original_train_val/train/ai/production_000986.png,fake,original,1024,1024,False
data/RRDataset_original_train_val/train/ai/Culture_&_Religion_000355.png,fake,original,512,512,False
data/RRDataset_original_train_val/train/ai/Culture_&_Religion_000327.png,fake,original,512,512,False
data/RRDataset_original_train_val/train/ai/Culture_&_Religion_000143.png,fake,original,512,512,False
data/RRDataset_original_train_val/train/ai/normal_008673.png,fake,original,256,256,False
data/RRDataset_original_train_val/train/ai/Political_&_Social_Events_000469.png,fake,original,512,512,False
data/RRDataset_original_train_val/train/ai/Political_&_Social_Events_000597.png,fake,original,1024,1024,False
data/RRDataset_original_train_val/train/ai/normal_006576.jpg,fake,original,1344,1728,False
data/RRDataset_original_train_val/train/ai/normal_007792.png,fake,original,256,256,False
data/RRDataset_original_train_val/train/ai/Political_&_Social_Events_000899.png,fake,original,1024,1024,False
data/RRDataset_original_train_val/train/ai/Medical_&_Public_Health_000170.png,fake,original,512,512,False
data/RRDataset_original_train_val/train/ai/Natural_Disasters_&_Accidents_000943.png,fake,original,1024,1024,False
data/RRDataset_original_train_val/train/ai/normal_009044.png,fake,original,256,256,False
data/RRDataset_original_train_val/train/ai/Medical_&_Public_Health_000553.png,fake,original,1024,1024,False
data/RRDataset_original_train_val/train/ai/War_&_Conflict_Scenes_000725.png,fake,original,1024,1024,False
data/RRDataset_original_train_val/train/ai/Political_&_Social_Events_000276.png,fake,original,512,512,False
data/RRDataset_original_train_val/train/ai/Political_&_Social_Events_000491.png,fake,original,512,512,False
data/RRDataset_original_train_val/train/ai/production_000731.png,fake,original,1024,1024,False
data/RRDataset_original_train_val/train/ai/normal_009235.png,fake,original,256,256,False
data/RRDataset_original_train_val/train/ai/Culture_&_Religion_000148.png,fake,original,512,512,False
data/RRDataset_original_train_val/train/ai/Culture_&_Religion_000970.png,fake,original,1024,1024,False
data/RRDataset_original_train_val/train/ai/Medical_&_Public_Health_000988.png,fake,original,1024,1024,False
data/RRDataset_original_train_val/train/ai/production_000410.png,fake,original,512,512,False
data/RRDataset_original_train_val/train/ai/War_&_Conflict_Scenes_000234.png,fake,original,512,512,False
data/RRDataset_original_train_val/train/ai/Natural_Disasters_&_Accidents_000349.png,fake,original,512,512,False
data/RRDataset_original_train_val/train/ai/normal_007193.png,fake,original,256,256,False
data/RRDataset_original_train_val/train/ai/normal_008595.png,fake,original,256,256,False
data/RRDataset_original_train_val/train/ai/War_&_Conflict_Scenes_000511.png,fake,original,1024,1024,False
data/RRDataset_original_train_val/train/ai/War_&_Conflict_Scenes_000794.png,fake,original,1024,1024,False
data/RRDataset_original_train_val/train/ai/normal_008659.png,fake,original,256,256,False
data/RRDataset_original_train_val/train/ai/normal_006391.jpg,fake,original,752,1296,False
data/RRDataset_original_train_val/train/ai/War_&_Conflict_Scenes_000200.png,fake,original,512,512,False
data/RRDataset_original_train_val/train/ai/Culture_&_Religion_000785.png,fake,original,1024,1024,False
data/RRDataset_original_train_val/train/ai/War_&_Conflict_Scenes_000796.png,fake,original,1024,1024,False
data/RRDataset_original_train_val/train/ai/normal_006674.jpg,fake,original,764,1140,False
data/RRDataset_original_train_val/train/ai/normal_009919.png,fake,original,512,512,False
data/RRDataset_original_train_val/train/ai/normal_008484.png,fake,original,1024,1024,False
data/RRDataset_original_train_val/train/ai/production_000102.png,fake,original,512,512,False
data/RRDataset_original_train_val/train/ai/Medical_&_Public_Health_000647.png,fake,original,1024,1024,False
data/RRDataset_original_train_val/train/ai/normal_007353.png,fake,original,256,256,False
data/RRDataset_original_train_val/train/ai/War_&_Conflict_Scenes_000802.png,fake,original,1024,1024,False
data/RRDataset_original_train_val/train/ai/Culture_&_Religion_000664.png,fake,original,1024,1024,False
data/RRDataset_original_train_val/train/ai/Medical_&_Public_Health_000001.png,fake,original,512,512,False
data/RRDataset_original_train_val/train/ai/production_000979.png,fake,original,1024,1024,False
data/RRDataset_original_train_val/train/ai/Political_&_Social_Events_000976.png,fake,original,1024,1024,False
data/RRDataset_original_train_val/train/ai/normal_006573.jpg,fake,original,764,1019,False
data/RRDataset_original_train_val/train/ai/Medical_&_Public_Health_000663.png,fake,original,1024,1024,False
data/RRDataset_original_train_val/train/ai/production_000104.png,fake,original,512,512,False
data/RRDataset_original_train_val/train/ai/War_&_Conflict_Scenes_000416.png,fake,original,512,512,False
data/RRDataset_original_train_val/train/ai/War_&_Conflict_Scenes_000944.png,fake,original,1024,1024,False
data/RRDataset_original_train_val/train/ai/Political_&_Social_Events_000104.png,fake,original,512,512,False
data/RRDataset_original_train_val/train/ai/Medical_&_Public_Health_000319.png,fake,original,512,512,False
data/RRDataset_original_train_val/train/ai/Medical_&_Public_Health_000339.png,fake,original,512,512,False
data/RRDataset_original_train_val/train/ai/Natural_Disasters_&_Accidents_000487.png,fake,original,512,512,False
data/RRDataset_original_train_val/train/ai/Political_&_Social_Events_000288.png,fake,original,512,512,False
data/RRDataset_original_train_val/train/ai/normal_008763.png,fake,original,256,256,False
data/RRDataset_original_train_val/train/ai/production_000065.png,fake,original,512,512,False
data/RRDataset_original_train_val/train/ai/normal_007952.png,fake,original,256,256,False
data/RRDataset_original_train_val/train/ai/normal_006482.jpg,fake,original,450,579,False
data/RRDataset_original_train_val/train/ai/War_&_Conflict_Scenes_000876.png,fake,original,1024,1024,False
data/RRDataset_original_train_val/train/ai/Culture_&_Religion_000740.png,fake,original,1024,1024,False
data/RRDataset_original_train_val/train/ai/normal_007135.png,fake,original,256,256,False
data/RRDataset_original_train_val/train/ai/normal_007581.png,fake,original,256,256,False
data/RRDataset_original_train_val/train/ai/normal_009002.png,fake,original,256,256,False
data/RRDataset_original_train_val/train/ai/normal_008973.png,fake,original,256,256,False
data/RRDataset_original_train_val/train/ai/Medical_&_Public_Health_000545.png,fake,original,1024,1024,False
data/RRDataset_original_train_val/train/ai/normal_008055.png,fake,original,1024,1024,False
data/RRDataset_original_train_val/train/ai/normal_006684.jpg,fake,original,2048,3072,False
data/RRDataset_original_train_val/train/ai/Medical_&_Public_Health_000896.png,fake,original,1024,1024,False
data/RRDataset_original_train_val/train/ai/Natural_Disasters_&_Accidents_000004.png,fake,original,512,512,False
data/RRDataset_original_train_val/train/ai/normal_007219.png,fake,original,256,256,False
data/RRDataset_original_train_val/train/ai/normal_008060.png,fake,original,1024,1024,False
data/RRDataset_original_train_val/train/ai/Medical_&_Public_Health_000739.png,fake,original,1024,1024,False
data/RRDataset_original_train_val/train/ai/normal_006798.jpg,fake,original,450,800,False
data/RRDataset_original_train_val/train/ai/normal_007242.png,fake,original,256,256,False
data/RRDataset_original_train_val/train/ai/Natural_Disasters_&_Accidents_000632.png,fake,original,1024,1024,False
data/RRDataset_original_train_val/train/ai/Culture_&_Religion_000118.png,fake,original,512,512,False
data/RRDataset_original_train_val/train/ai/Natural_Disasters_&_Accidents_000909.png,fake,original,1024,1024,False
data/RRDataset_original_train_val/train/ai/production_000498.png,fake,original,512,512,False
data/RRDataset_original_train_val/train/ai/normal_006691.jpg,fake,original,450,300,False
data/RRDataset_original_train_val/train/ai/Political_&_Social_Events_000049.png,fake,original,512,512,False
data/RRDataset_original_train_val/train/ai/War_&_Conflict_Scenes_000809.png,fake,original,1024,1024,False
data/RRDataset_original_train_val/train/ai/War_&_Conflict_Scenes_000801.png,fake,original,1024,1024,False
data/RRDataset_original_train_val/train/ai/normal_009171.png,fake,original,512,512,False
data/RRDataset_original_train_val/train/ai/Culture_&_Religion_000949.png,fake,original,1024,1024,False
data/RRDataset_original_train_val/train/ai/normal_009467.png,fake,original,512,512,False
data/RRDataset_original_train_val/train/ai/Natural_Disasters_&_Accidents_000139.png,fake,original,512,512,False
data/RRDataset_original_train_val/train/ai/production_000143.png,fake,original,512,512,False
data/RRDataset_original_train_val/train/ai/War_&_Conflict_Scenes_000138.png,fake,original,512,512,False
data/RRDataset_original_train_val/train/ai/production_000485.png,fake,original,512,512,False
data/RRDataset_original_train_val/train/ai/Natural_Disasters_&_Accidents_000421.png,fake,original,512,512,False
data/RRDataset_original_train_val/train/ai/Medical_&_Public_Health_000310.png,fake,original,512,512,False
data/RRDataset_original_train_val/train/ai/normal_007649.png,fake,original,256,256,False
data/RRDataset_original_train_val/train/ai/Medical_&_Public_Health_000446.png,fake,original,512,512,False
data/RRDataset_original_train_val/train/ai/normal_009477.png,fake,original,256,256,False
data/RRDataset_original_train_val/train/ai/production_000610.png,fake,original,1024,1024,False
data/RRDataset_original_train_val/train/ai/production_000638.png,fake,original,1024,1024,False
data/RRDataset_original_train_val/train/ai/normal_007108.png,fake,original,256,256,False
data/RRDataset_original_train_val/train/ai/normal_006802.jpg,fake,original,764,509,False
data/RRDataset_original_train_val/train/ai/normal_009763.png,fake,original,256,256,False
data/RRDataset_original_train_val/train/ai/production_000712.png,fake,original,1024,1024,False
data/RRDataset_original_train_val/train/ai/Natural_Disasters_&_Accidents_000520.png,fake,original,1024,1024,False
data/RRDataset_original_train_val/train/ai/Culture_&_Religion_000930.png,fake,original,1024,1024,False
data/RRDataset_original_train_val/train/ai/production_000936.png,fake,original,1024,1024,False
data/RRDataset_original_train_val/train/ai/War_&_Conflict_Scenes_000262.png,fake,original,512,512,False
data/RRDataset_original_train_val/train/ai/Culture_&_Religion_000996.png,fake,original,1024,1024,False
data/RRDataset_original_train_val/train/ai/normal_008382.png,fake,original,1024,1024,False
data/RRDataset_original_train_val/train/ai/production_000513.png,fake,original,1024,1024,False
data/RRDataset_original_train_val/train/ai/Natural_Disasters_&_Accidents_000526.png,fake,original,1024,1024,False
data/RRDataset_original_train_val/train/ai/normal_008854.png,fake,original,256,256,False
data/RRDataset_original_train_val/train/ai/Natural_Disasters_&_Accidents_000490.png,fake,original,512,512,False
data/RRDataset_original_train_val/train/ai/War_&_Conflict_Scenes_000483.png,fake,original,512,512,False
data/RRDataset_original_train_val/train/ai/Culture_&_Religion_000391.png,fake,original,512,512,False
data/RRDataset_original_train_val/train/ai/normal_007443.png,fake,original,256,256,False
data/RRDataset_original_train_val/train/ai/normal_006099.jpg,fake,original,764,1273,False
data/RRDataset_original_train_val/train/ai/Culture_&_Religion_000019.png,fake,original,512,512,False
data/RRDataset_original_train_val/train/ai/normal_008416.png,fake,original,1024,1024,False
data/RRDataset_original_train_val/train/ai/War_&_Conflict_Scenes_000790.png,fake,original,1024,1024,False
data/RRDataset_original_train_val/train/ai/normal_009440.png,fake,original,512,512,False
data/RRDataset_original_train_val/train/ai/normal_006991.jpg,fake,original,764,1353,False
data/RRDataset_original_train_val/train/ai/normal_008953.png,fake,original,256,256,False
data/RRDataset_original_train_val/train/ai/Natural_Disasters_&_Accidents_000394.png,fake,original,512,512,False
data/RRDataset_original_train_val/train/ai/normal_006611.jpg,fake,original,764,1270,False
data/RRDataset_original_train_val/train/ai/normal_009559.png,fake,original,256,256,False
data/RRDataset_original_train_val/train/ai/Medical_&_Public_Health_000461.png,fake,original,512,512,False
data/RRDataset_original_train_val/train/ai/Political_&_Social_Events_000909.png,fake,original,1024,1024,False
data/RRDataset_original_train_val/train/ai/normal_007142.png,fake,original,256,256,False
data/RRDataset_original_train_val/train/ai/Natural_Disasters_&_Accidents_000630.png,fake,original,1024,1024,False
data/RRDataset_original_train_val/train/ai/Medical_&_Public_Health_000199.png,fake,original,512,512,False
data/RRDataset_original_train_val/train/ai/War_&_Conflict_Scenes_000894.png,fake,original,1024,1024,False
data/RRDataset_original_train_val/train/ai/production_000232.png,fake,original,512,512,False
data/RRDataset_original_train_val/train/ai/War_&_Conflict_Scenes_000799.png,fake,original,1024,1024,False
data/RRDataset_original_train_val/train/ai/normal_008125.png,fake,original,1024,1024,False
data/RRDataset_original_train_val/train/ai/Natural_Disasters_&_Accidents_000397.png,fake,original,512,512,False
data/RRDataset_original_train_val/train/ai/normal_009483.png,fake,original,256,256,False
data/RRDataset_original_train_val/train/ai/Natural_Disasters_&_Accidents_000137.png,fake,original,512,512,False
data/RRDataset_original_train_val/train/ai/production_000307.png,fake,original,512,512,False
data/RRDataset_original_train_val/train/ai/normal_007068.png,fake,original,256,256,False
data/RRDataset_original_train_val/train/ai/production_000997.png,fake,original,1024,1024,False
data/RRDataset_original_train_val/train/ai/normal_007971.png,fake,original,256,256,False
data/RRDataset_original_train_val/train/ai/normal_008946.png,fake,original,256,256,False
data/RRDataset_original_train_val/train/ai/normal_009772.png,fake,original,256,256,False
data/RRDataset_original_train_val/train/ai/normal_007106.png,fake,original,256,256,False
data/RRDataset_original_train_val/train/ai/normal_009360.png,fake,original,256,256,False
data/RRDataset_original_train_val/train/ai/normal_008142.png,fake,original,1024,1024,False
data/RRDataset_original_train_val/train/ai/production_000456.png,fake,original,512,512,False
data/RRDataset_original_train_val/train/ai/normal_009279.png,fake,original,512,512,False
data/RRDataset_original_train_val/train/ai/normal_009708.png,fake,original,256,256,False
data/RRDataset_original_train_val/train/ai/normal_006803.jpg,fake,original,764,573,False
data/RRDataset_original_train_val/train/ai/production_000690.png,fake,original,1024,1024,False
data/RRDataset_original_train_val/train/ai/Medical_&_Public_Health_000581.png,fake,original,1024,1024,False
data/RRDataset_original_train_val/train/ai/Medical_&_Public_Health_000940.png,fake,original,1024,1024,False
data/RRDataset_original_train_val/train/ai/normal_009745.png,fake,original,512,512,False
data/RRDataset_original_train_val/train/ai/production_000236.png,fake,original,512,512,False
data/RRDataset_original_train_val/train/ai/normal_006751.jpg,fake,original,764,571,False
data/RRDataset_original_train_val/train/ai/Culture_&_Religion_000151.png,fake,original,512,512,False
data/RRDataset_original_train_val/train/ai/Political_&_Social_Events_000776.png,fake,original,1024,1024,False
data/RRDataset_original_train_val/train/ai/Political_&_Social_Events_000843.png,fake,original,1024,1024,False
data/RRDataset_original_train_val/train/ai/normal_009666.png,fake,original,256,256,False
data/RRDataset_original_train_val/train/ai/Natural_Disasters_&_Accidents_000391.png,fake,original,512,512,False
data/RRDataset_original_train_val/train/ai/normal_006622.jpg,fake,original,764,1194,False
data/RRDataset_original_train_val/train/ai/Political_&_Social_Events_000807.png,fake,original,1024,1024,False
data/RRDataset_original_train_val/train/ai/Culture_&_Religion_000750.png,fake,original,1024,1024,False
data/RRDataset_original_train_val/train/ai/normal_007809.png,fake,original,256,256,False
data/RRDataset_original_train_val/train/ai/normal_008212.png,fake,original,1024,1024,False
data/RRDataset_original_train_val/train/ai/Political_&_Social_Events_000510.png,fake,original,1024,1024,False
data/RRDataset_original_train_val/train/ai/Culture_&_Religion_000005.png,fake,original,512,512,False
data/RRDataset_original_train_val/train/ai/Political_&_Social_Events_000265.png,fake,original,512,512,False
data/RRDataset_original_train_val/train/ai/normal_009687.png,fake,original,512,512,False
data/RRDataset_original_train_val/train/ai/production_000061.png,fake,original,512,512,False
data/RRDataset_original_train_val/train/ai/Natural_Disasters_&_Accidents_000055.png,fake,original,512,512,False
data/RRDataset_original_train_val/train/ai/Natural_Disasters_&_Accidents_000620.png,fake,original,1024,1024,False
data/RRDataset_original_train_val/train/ai/normal_006941.jpg,fake,original,764,1146,False
data/RRDataset_original_train_val/train/ai/Medical_&_Public_Health_000807.png,fake,original,1024,1024,False
data/RRDataset_original_train_val/train/ai/Natural_Disasters_&_Accidents_000569.png,fake,original,1024,1024,False
data/RRDataset_original_train_val/train/ai/War_&_Conflict_Scenes_000417.png,fake,original,512,512,False
data/RRDataset_original_train_val/train/ai/normal_009435.png,fake,original,256,256,False
data/RRDataset_original_train_val/train/ai/production_000528.png,fake,original,1024,1024,False
data/RRDataset_original_train_val/train/ai/Political_&_Social_Events_000576.png,fake,original,1024,1024,False
data/RRDataset_original_train_val/train/ai/normal_009382.png,fake,original,256,256,False
data/RRDataset_original_train_val/train/ai/normal_009553.png,fake,original,512,512,False
data/RRDataset_original_train_val/train/ai/normal_007478.png,fake,original,256,256,False
data/RRDataset_original_train_val/train/ai/normal_009749.png,fake,original,256,256,False
data/RRDataset_original_train_val/train/ai/normal_008675.png,fake,original,256,256,False
data/RRDataset_original_train_val/train/ai/Medical_&_Public_Health_000443.png,fake,original,512,512,False
data/RRDataset_original_train_val/train/ai/normal_009487.png,fake,original,256,256,False
data/RRDataset_original_train_val/train/ai/normal_009661.png,fake,original,256,256,False
data/RRDataset_original_train_val/train/ai/Medical_&_Public_Health_000051.png,fake,original,512,512,False
data/RRDataset_original_train_val/train/ai/Medical_&_Public_Health_000789.png,fake,original,1024,1024,False
data/RRDataset_original_train_val/train/ai/normal_009733.png,fake,original,256,256,False
data/RRDataset_original_train_val/train/ai/Medical_&_Public_Health_000427.png,fake,original,512,512,False
data/RRDataset_original_train_val/train/ai/War_&_Conflict_Scenes_000398.png,fake,original,512,512,False
data/RRDataset_original_train_val/train/ai/normal_009489.png,fake,original,256,256,False
data/RRDataset_original_train_val/train/ai/production_000191.png,fake,original,512,512,False
data/RRDataset_original_train_val/train/ai/normal_007704.png,fake,original,256,256,False
data/RRDataset_original_train_val/train/ai/normal_007195.png,fake,original,256,256,False
data/RRDataset_original_train_val/train/ai/Culture_&_Religion_000137.png,fake,original,512,512,False
data/RRDataset_original_train_val/train/ai/normal_008950.png,fake,original,256,256,False
data/RRDataset_original_train_val/train/ai/War_&_Conflict_Scenes_000188.png,fake,original,512,512,False
data/RRDataset_original_train_val/train/ai/production_000772.png,fake,original,1024,1024,False
data/RRDataset_original_train_val/train/ai/Natural_Disasters_&_Accidents_000436.png,fake,original,512,512,False
data/RRDataset_original_train_val/train/ai/Medical_&_Public_Health_000483.png,fake,original,512,512,False
data/RRDataset_original_train_val/train/ai/normal_008073.png,fake,original,1024,1024,False
data/RRDataset_original_train_val/train/ai/normal_008653.png,fake,original,256,256,False
data/RRDataset_original_train_val/train/ai/normal_007507.png,fake,original,256,256,False
data/RRDataset_original_train_val/train/ai/normal_008356.png,fake,original,1024,1024,False
data/RRDataset_original_train_val/train/ai/Natural_Disasters_&_Accidents_000720.png,fake,original,1024,1024,False
data/RRDataset_original_train_val/train/ai/War_&_Conflict_Scenes_000004.png,fake,original,512,512,False
data/RRDataset_original_train_val/train/ai/Medical_&_Public_Health_000485.png,fake,original,512,512,False
data/RRDataset_original_train_val/train/ai/War_&_Conflict_Scenes_000722.png,fake,original,1024,1024,False
data/RRDataset_original_train_val/train/ai/Culture_&_Religion_000508.png,fake,original,1024,1024,False
data/RRDataset_original_train_val/train/ai/War_&_Conflict_Scenes_000980.png,fake,original,1024,1024,False
data/RRDataset_original_train_val/train/ai/normal_006425.jpg,fake,original,764,1146,False
data/RRDataset_original_train_val/train/ai/normal_009476.png,fake,original,256,256,False
data/RRDataset_original_train_val/train/ai/normal_008107.png,fake,original,1024,1024,False
data/RRDataset_original_train_val/train/ai/Culture_&_Religion_000088.png,fake,original,512,512,False
data/RRDataset_original_train_val/train/ai/normal_007517.png,fake,original,256,256,False
data/RRDataset_original_train_val/train/ai/normal_006809.jpg,fake,original,764,1146,False
data/RRDataset_original_train_val/train/ai/normal_009431.png,fake,original,512,512,False
data/RRDataset_original_train_val/train/ai/normal_008797.png,fake,original,256,256,False
data/RRDataset_original_train_val/train/ai/normal_007282.png,fake,original,256,256,False
data/RRDataset_original_train_val/train/ai/normal_009110.png,fake,original,512,512,False
data/RRDataset_original_train_val/train/ai/Natural_Disasters_&_Accidents_000075.png,fake,original,512,512,False
data/RRDataset_original_train_val/train/ai/Political_&_Social_Events_000050.png,fake,original,512,512,False
data/RRDataset_original_train_val/train/ai/Culture_&_Religion_000548.png,fake,original,1024,1024,False
data/RRDataset_original_train_val/train/ai/Culture_&_Religion_000472.png,fake,original,512,512,False
data/RRDataset_original_train_val/train/ai/normal_008377.png,fake,original,1024,1024,False
data/RRDataset_original_train_val/train/ai/Culture_&_Religion_000238.png,fake,original,512,512,False
data/RRDataset_original_train_val/train/ai/Culture_&_Religion_000070.png,fake,original,512,512,False
data/RRDataset_original_train_val/train/ai/normal_007318.png,fake,original,256,256,False
data/RRDataset_original_train_val/train/ai/War_&_Conflict_Scenes_000013.png,fake,original,512,512,False
data/RRDataset_original_train_val/train/ai/normal_006319.jpg,fake,original,764,509,False
data/RRDataset_original_train_val/train/ai/normal_007780.png,fake,original,256,256,False
data/RRDataset_original_train_val/train/ai/production_000138.png,fake,original,512,512,False
data/RRDataset_original_train_val/train/ai/Medical_&_Public_Health_000709.png,fake,original,1024,1024,False
data/RRDataset_original_train_val/train/ai/normal_009625.png,fake,original,512,512,False
data/RRDataset_original_train_val/train/ai/War_&_Conflict_Scenes_000732.png,fake,original,1024,1024,False
data/RRDataset_original_train_val/train/ai/normal_006610.jpg,fake,original,764,1358,False
data/RRDataset_original_train_val/train/ai/production_000402.png,fake,original,512,512,False
data/RRDataset_original_train_val/train/real/real_005000.jpg,real,original,1024,683,False
data/RRDataset_original_train_val/train/real/real_009010.jpg,real,original,512,512,False
data/RRDataset_original_train_val/train/real/real_009365.jpg,real,original,512,512,False
data/RRDataset_original_train_val/train/real/real_007691.jpg,real,original,1600,1067,False
data/RRDataset_original_train_val/train/real/real_000668.jpg,real,original,640,640,False
data/RRDataset_original_train_val/train/real/real_008875.jpg,real,original,512,512,False
data/RRDataset_original_train_val/train/real/real_005979.jpg,real,original,1024,683,False
data/RRDataset_original_train_val/train/real/real_008507.jpg,real,original,1872,2816,False
data/RRDataset_original_train_val/train/real/real_001927.jpg,real,original,1080,753,False
data/RRDataset_original_train_val/train/real/real_009646.jpg,real,original,500,333,False
data/RRDataset_original_train_val/train/real/real_003030.jpg,real,original,1056,704,False
data/RRDataset_original_train_val/train/real/real_006492.jpg,real,original,1500,971,False
data/RRDataset_original_train_val/train/real/real_008604.jpg,real,original,512,512,False
data/RRDataset_original_train_val/train/real/real_006790.jpg,real,original,1000,1500,False
data/RRDataset_original_train_val/train/real/real_009323.jpg,real,original,512,512,False
data/RRDataset_original_train_val/train/real/real_004844.jpg,real,original,1024,683,False
data/RRDataset_original_train_val/train/real/real_009466.jpg,real,original,512,512,False
data/RRDataset_original_train_val/train/real/real_004000.jpg,real,original,1024,683,False
data/RRDataset_original_train_val/train/real/real_005149.jpg,real,original,1024,1024,False
data/RRDataset_original_train_val/train/real/real_008946.jpg,real,original,512,512,False
data/RRDataset_original_train_val/train/real/real_009120.jpg,real,original,512,512,False
data/RRDataset_original_train_val/train/real/real_002797.jpg,real,original,1440,960,False
data/RRDataset_original_train_val/train/real/real_004818.jpg,real,original,1024,694,False
data/RRDataset_original_train_val/train/real/real_003033.jpg,real,original,1058,704,False
data/RRDataset_original_train_val/train/real/real_005989.jpg,real,original,1024,678,False
data/RRDataset_original_train_val/train/real/real_009469.jpg,real,original,512,512,False
data/RRDataset_original_train_val/train/real/real_007441.jpg,real,original,4896,3264,False
data/RRDataset_original_train_val/train/real/real_009014.jpg,real,original,512,512,False
data/RRDataset_original_train_val/train/real/real_004280.jpg,real,original,5283,3522,False
data/RRDataset_original_train_val/train/real/real_004168.jpg,real,original,1024,683,False
data/RRDataset_original_train_val/train/real/real_000718.jpg,real,original,640,640,False
data/RRDataset_original_train_val/train/real/real_006860.jpg,real,original,2333,3500,False
data/RRDataset_original_train_val/train/real/real_001898.jpg,real,original,1440,960,False
data/RRDataset_original_train_val/train/real/real_006935.jpeg,real,original,1024,678,False
data/RRDataset_original_train_val/train/real/real_008313.jpg,real,original,5000,3345,False
data/RRDataset_original_train_val/train/real/real_005746.jpg,real,original,683,1024,False
data/RRDataset_original_train_val/train/real/real_002410.jpg,real,original,1440,1018,False
data/RRDataset_original_train_val/train/real/real_004027.jpg,real,original,1024,683,False
data/RRDataset_original_train_val/train/real/real_003668.jpg,real,original,1024,701,False
data/RRDataset_original_train_val/train/real/real_003065.jpg,real,original,1056,704,False
data/RRDataset_original_train_val/train/real/real_006194.jpg,real,original,1024,732,False
data/RRDataset_original_train_val/train/real/real_006337.jpg,real,original,2333,3500,False
data/RRDataset_original_train_val/train/real/real_001778.jpg,real,original,1440,959,False
data/RRDataset_original_train_val/train/real/real_009726.jpg,real,original,500,747,False
data/RRDataset_original_train_val/train/real/real_009731.jpg,real,original,500,333,False
data/RRDataset_original_train_val/train/real/real_003708.jpg,real,original,1024,683,False
data/RRDataset_original_train_val/train/real/real_001372.jpg,real,original,1080,1080,False
data/RRDataset_original_train_val/train/real/real_007476.jpg,real,original,1500,1000,False
data/RRDataset_original_train_val/train/real/real_005418.jpg,real,original,1024,683,False
data/RRDataset_original_train_val/train/real/real_007970.png,real,original,7000,3938,False
data/RRDataset_original_train_val/train/real/real_001107.jpg,real,original,1080,1080,False
data/RRDataset_original_train_val/train/real/real_007174.jpg,real,original,900,600,False
data/RRDataset_original_train_val/train/real/real_005313.jpg,real,original,1024,683,False
data/RRDataset_original_train_val/train/real/real_002291.jpg,real,original,1440,1440,False
data/RRDataset_original_train_val/train/real/real_000408.jpg,real,original,1440,960,False
data/RRDataset_original_train_val/train/real/real_004481.jpg,real,original,1024,683,False
data/RRDataset_original_train_val/train/real/real_009294.jpg,real,original,512,512,False
data/RRDataset_original_train_val/train/real/real_005261.jpg,real,original,1024,683,False
data/RRDataset_original_train_val/train/real/real_000770.jpg,real,original,640,640,False
data/RRDataset_original_train_val/train/real/real_002040.jpg,real,original,1080,720,False
data/RRDataset_original_train_val/train/real/real_006238.jpg,real,original,832,704,False
data/RRDataset_original_train_val/train/real/real_006345.jpg,real,original,2333,3500,False
data/RRDataset_original_train_val/train/real/real_004665.jpg,real,original,512,768,False
data/RRDataset_original_train_val/train/real/real_003473.jpg,real,original,1024,683,False
data/RRDataset_original_train_val/train/real/real_007609.jpg,real,original,1500,1000,False
data/RRDataset_original_train_val/train/real/real_007655.jpg,real,original,800,533,False
data/RRDataset_original_train_val/train/real/real_000781.jpg,real,original,640,640,False
data/RRDataset_original_train_val/train/real/real_000402.jpg,real,original,848,464,False
data/RRDataset_original_train_val/train/real/real_008481.jpg,real,original,2816,2112,False
data/RRDataset_original_train_val/train/real/real_009332.jpg,real,original,512,512,False
data/RRDataset_original_train_val/train/real/real_004372.jpg,real,original,1024,678,False
data/RRDataset_original_train_val/train/real/real_005386.jpg,real,original,1024,678,False
data/RRDataset_original_train_val/train/real/real_003189.jpg,real,original,1056,704,False
data/RRDataset_original_train_val/train/real/real_001597.jpg,real,original,1440,1090,False
data/RRDataset_original_train_val/train/real/real_004506.jpg,real,original,735,1024,False
data/RRDataset_original_train_val/train/real/real_007634.jpg,real,original,2048,1365,False
data/RRDataset_original_train_val/train/real/real_004786.jpg,real,original,1024,682,False
data/RRDataset_original_train_val/train/real/real_005853.jpg,real,original,1024,678,False
data/RRDataset_original_train_val/train/real/real_004530.jpg,real,original,1024,1024,False
data/RRDataset_original_train_val/train/real/real_007422.jpg,real,original,1200,798,False
data/RRDataset_original_train_val/train/real/real_002302.jpg,real,original,1440,1087,False
data/RRDataset_original_train_val/train/real/real_009683.jpg,real,original,500,183,False
data/RRDataset_original_train_val/train/real/real_008918.jpg,real,original,512,512,False
data/RRDataset_original_train_val/train/real/real_002178.jpg,real,original,1440,1440,False
data/RRDataset_original_train_val/train/real/real_004187.jpg,real,original,1024,683,False
data/RRDataset_original_train_val/train/real/real_007954.jpg,real,original,4000,6000,False
data/RRDataset_original_train_val/train/real/real_000125.jpg,real,original,1440,961,False
data/RRDataset_original_train_val/train/real/real_001384.jpg,real,original,1080,1080,False
data/RRDataset_original_train_val/train/real/real_005102.jpg,real,original,1024,683,False
data/RRDataset_original_train_val/train/real/real_001952.jpg,real,original,1080,1080,False
data/RRDataset_original_train_val/train/real/real_003565.jpg,real,original,1024,683,False
data/RRDataset_original_train_val/train/real/real_008101.jpg,real,original,2625,3937,False
data/RRDataset_original_train_val/train/real/real_001450.jpg,real,original,1440,958,False
data/RRDataset_original_train_val/train/real/real_008108.jpg,real,original,6000,4000,False
data/RRDataset_original_train_val/train/real/real_002559.jpg,real,original,1080,1080,False
data/RRDataset_original_train_val/train/real/real_002399.jpg,real,original,1440,960,False
data/RRDataset_original_train_val/train/real/real_000951.jpg,real,original,1080,1080,False
data/RRDataset_original_train_val/train/real/real_008519.jpg,real,original,5400,3036,False
data/RRDataset_original_train_val/train/real/real_002200.jpg,real,original,1440,1075,False
data/RRDataset_original_train_val/train/real/real_002009.jpg,real,original,1080,1078,False
data/RRDataset_original_train_val/train/real/real_003482.jpg,real,original,1024,683,False
data/RRDataset_original_train_val/train/real/real_000407.jpg,real,original,1440,961,False
data/RRDataset_original_train_val/train/real/real_000427.jpg,real,original,1440,960,False
data/RRDataset_original_train_val/train/real/real_008972.jpg,real,original,512,512,False
data/RRDataset_original_train_val/train/real/real_000950.jpg,real,original,1080,1080,False
data/RRDataset_original_train_val/train/real/real_003014.jpg,real,original,1058,704,False
data/RRDataset_original_train_val/train/real/real_001341.jpg,real,original,826,758,False
data/RRDataset_original_train_val/train/real/real_002633.jpg,real,original,1440,960,False
data/RRDataset_original_train_val/train/real/real_008812.jpg,real,original,512,512,False
data/RRDataset_original_train_val/train/real/real_000559.jpg,real,original,1440,1440,False
data/RRDataset_original_train_val/train/real/real_003795.jpg,real,original,1024,683,False
data/RRDataset_original_train_val/train/real/real_006467.jpg,real,original,3500,2280,False
data/RRDataset_original_train_val/train/real/real_007603.jpg,real,original,1224,816,False
data/RRDataset_original_train_val/train/real/real_005207.jpg,real,original,1000,667,False
data/RRDataset_original_train_val/train/real/real_007101.jpg,real,original,1539,1026,False
data/RRDataset_original_train_val/train/real/real_003181.jpg,real,original,1056,704,False
data/RRDataset_original_train_val/train/real/real_004835.jpg,real,original,683,1024,False
data/RRDataset_original_train_val/train/real/real_004391.jpg,real,original,1024,683,False
data/RRDataset_original_train_val/train/real/real_005757.jpg,real,original,1024,1024,False
data/RRDataset_original_train_val/train/real/real_003840.jpg,real,original,1024,683,False
data/RRDataset_original_train_val/train/real/real_007427.jpg,real,original,1200,798,False
data/RRDataset_original_train_val/train/real/real_005223.jpg,real,original,1024,694,False
data/RRDataset_original_train_val/train/real/real_001567.jpg,real,original,1440,961,False
data/RRDataset_original_train_val/train/real/real_005480.jpg,real,original,739,1024,False
data/RRDataset_original_train_val/train/real/real_000824.jpg,real,original,640,640,False
data/RRDataset_original_train_val/train/real/real_000451.jpg,real,original,1440,960,False
data/RRDataset_original_train_val/train/real/real_003203.jpg,real,original,1498,1000,False
data/RRDataset_original_train_val/train/real/real_003308.jpg,real,original,1024,685,False
data/RRDataset_original_train_val/train/real/real_002611.jpg,real,original,1440,960,False
data/RRDataset_original_train_val/train/real/real_009040.jpg,real,original,512,512,False
data/RRDataset_original_train_val/train/real/real_007759.jpg,real,original,5657,3875,False
data/RRDataset_original_train_val/train/real/real_006128.jpg,real,original,1024,683,False
data/RRDataset_original_train_val/train/real/real_007225.jpg,real,original,1200,804,False
data/RRDataset_original_train_val/train/real/real_006287.jpg,real,original,1334,1000,False
data/RRDataset_original_train_val/train/real/real_008060.jpg,real,original,4810,3608,False
data/RRDataset_original_train_val/train/real/real_006794.jpg,real,original,1000,1500,False
data/RRDataset_original_train_val/train/real/real_008329.jpg,real,original,6144,4096,False
data/RRDataset_original_train_val/train/real/real_000088.jpg,real,original,640,640,False
data/RRDataset_original_train_val/train/real/real_006315.jpg,real,original,3500,2264,False
data/RRDataset_original_train_val/train/real/real_006575.jpg,real,original,1000,1500,False
data/RRDataset_original_train_val/train/real/real_003020.jpg,real,original,1056,704,False
data/RRDataset_original_train_val/train/real/real_007539.jpg,real,original,2048,1365,False
data/RRDataset_original_train_val/train/real/real_005935.jpg,real,original,819,1024,False
data/RRDataset_original_train_val/train/real/real_007064.jpg,real,original,1071,801,False
data/RRDataset_original_train_val/train/real/real_008469.jpg,real,original,3696,2448,False
data/RRDataset_original_train_val/train/real/real_004666.jpg,real,original,1024,1024,False
data/RRDataset_original_train_val/train/real/real_001063.jpg,real,original,1080,1000,False
data/RRDataset_original_train_val/train/real/real_006559.jpg,real,original,1500,1000,False
data/RRDataset_original_train_val/train/real/real_006925.jpg,real,original,950,633,False
data/RRDataset_original_train_val/train/real/real_004039.jpg,real,original,683,1024,False
data/RRDataset_original_train_val/train/real/real_001376.jpg,real,original,640,640,False
data/RRDataset_original_train_val/train/real/real_006229.jpg,real,original,1335,1000,False
data/RRDataset_original_train_val/train/real/real_007382.jpg,real,original,1200,800,False
data/RRDataset_original_train_val/train/real/real_009422.jpg,real,original,512,512,False
data/RRDataset_original_train_val/train/real/real_006901.jpg,real,original,960,636,False
data/RRDataset_original_train_val/train/real/real_004088.jpg,real,original,1024,683,False
data/RRDataset_original_train_val/train/real/real_001730.jpg,real,original,1440,960,False
data/RRDataset_original_train_val/train/real/real_001861.jpg,real,original,1440,960,False
data/RRDataset_original_train_val/train/real/real_006569.jpg,real,original,1000,1500,False
data/RRDataset_original_train_val/train/real/real_000222.jpg,real,original,1440,961,False
data/RRDataset_original_train_val/train/real/real_000467.jpg,real,original,1440,960,False
data/RRDataset_original_train_val/train/real/real_008668.jpg,real,original,512,512,False
data/RRDataset_original_train_val/train/real/real_002979.jpg,real,original,1056,704,False
data/RRDataset_original_train_val/train/real/real_007311.jpg,real,original,1460,971,False
data/RRDataset_original_train_val/train/real/real_002311.jpg,real,original,1440,1083,False
data/RRDataset_original_train_val/train/real/real_001690.jpg,real,original,1440,1018,False
data/RRDataset_original_train_val/train/real/real_007165.jpg,real,original,1600,1067,False
data/RRDataset_original_train_val/train/real/real_005130.jpg,real,original,745,1024,False
data/RRDataset_original_train_val/train/real/real_002194.jpg,real,original,1440,1440,False
data/RRDataset_original_train_val/train/real/real_009388.jpg,real,original,512,512,False
data/RRDataset_original_train_val/train/real/real_000070.jpg,real,original,1440,962,False
data/RRDataset_original_train_val/train/real/real_000401.jpg,real,original,1440,960,False
data/RRDataset_original_train_val/train/real/real_000294.jpg,real,original,1440,961,False
data/RRDataset_original_train_val/train/real/real_004928.jpg,real,original,1024,1024,False
data/RRDataset_original_train_val/train/real/real_003098.jpg,real,original,1056,704,False
data/RRDataset_original_train_val/train/real/real_006584.jpg,real,original,640,800,False
data/RRDataset_original_train_val/train/real/real_007736.jpg,real,original,1024,682,False
data/RRDataset_original_train_val/train/real/real_009833.jpg,real,original,500,333,False
data/RRDataset_original_train_val/train/real/real_000460.jpg,real,original,1440,961,False
data/RRDataset_original_train_val/train/real/real_005766.jpg,real,original,1024,683,False
data/RRDataset_original_train_val/train/real/real_000597.jpg,real,original,1440,960,False
data/RRDataset_original_train_val/train/real/real_000775.jpg,real,original,640,640,False
data/RRDataset_original_train_val/train/real/real_005603.jpg,real,original,1024,683,False
data/RRDataset_original_train_val/train/real/real_001549.jpg,real,original,1440,960,False
data/RRDataset_original_train_val/train/real/real_009932.jpg,real,original,500,333,False
data/RRDataset_original_train_val/train/real/real_000857.jpg,real,original,1080,1080,False
data/RRDataset_original_train_val/train/real/real_001140.jpg,real,original,1080,1080,False
data/RRDataset_original_train_val/train/real/real_003039.jpg,real,original,282,373,False
data/RRDataset_original_train_val/train/real/real_007605.jpg,real,original,1500,1000,False
data/RRDataset_original_train_val/train/real/real_009896.jpg,real,original,500,333,False
data/RRDataset_original_train_val/train/real/real_003892.jpg,real,original,1024,683,False
data/RRDataset_original_train_val/train/real/real_000771.jpg,real,original,640,640,False
data/RRDataset_original_train_val/train/real/real_004305.jpg,real,original,1024,692,False
data/RRDataset_original_train_val/train/real/real_001090.jpg,real,original,1067,1067,False
data/RRDataset_original_train_val/train/real/real_001978.jpg,real,original,1080,737,False
data/RRDataset_original_train_val/train/real/real_001054.jpg,real,original,640,640,False
data/RRDataset_original_train_val/train/real/real_008195.jpg,real,original,6000,3310,False
data/RRDataset_original_train_val/train/real/real_000488.jpg,real,original,640,640,False
data/RRDataset_original_train_val/train/real/real_002686.jpg,real,original,1440,960,False
data/RRDataset_original_train_val/train/real/real_002778.jpg,real,original,1440,960,False
data/RRDataset_original_train_val/train/real/real_004848.jpg,real,original,992,662,False
data/RRDataset_original_train_val/train/real/real_000487.jpg,real,original,1440,810,False
data/RRDataset_original_train_val/train/real/real_007230.jpg,real,original,960,640,False
data/RRDataset_original_train_val/train/real/real_004118.jpg,real,original,1024,710,False
data/RRDataset_original_train_val/train/real/real_007283.jpg,real,original,1024,682,False
data/RRDataset_original_train_val/train/real/real_008876.jpg,real,original,512,512,False
data/RRDataset_original_train_val/train/real/real_001494.jpg,real,original,1440,960,False
data/RRDataset_original_train_val/train/real/real_007969.jpg,real,original,2048,3072,False
data/RRDataset_original_train_val/train/real/real_009304.jpg,real,original,512,512,False
data/RRDataset_original_train_val/train/real/real_007231.jpg,real,original,1256,874,False
data/RRDataset_original_train_val/train/real/real_004393.jpg,real,original,1024,678,False
data/RRDataset_original_train_val/train/real/real_000574.jpg,real,original,1440,960,False
data/RRDataset_original_train_val/train/real/real_003970.jpg,real,original,724,1024,False
data/RRDataset_original_train_val/train/real/real_007164.jpg,real,original,2048,1365,False
data/RRDataset_original_train_val/train/real/real_001398.jpg,real,original,640,640,False
data/RRDataset_original_train_val/train/real/real_008336.jpg,real,original,8736,5824,False
data/RRDataset_original_train_val/train/real/real_005272.jpg,real,original,1024,683,False
data/RRDataset_original_train_val/train/real/real_003998.jpg,real,original,1024,683,False
data/RRDataset_original_train_val/train/real/real_004260.jpg,real,original,892,1024,False
data/RRDataset_original_train_val/train/real/real_003489.jpg,real,original,1024,724,False
data/RRDataset_original_train_val/train/real/real_009338.jpg,real,original,512,512,False
data/RRDataset_original_train_val/train/real/real_007171.jpg,real,original,1600,1079,False
data/RRDataset_original_train_val/train/real/real_002021.jpg,real,original,1080,1078,False
data/RRDataset_original_train_val/train/real/real_000986.jpg,real,original,640,359,False
data/RRDataset_original_train_val/train/real/real_006452.jpg,real,original,1159,1500,False
data/RRDataset_original_train_val/train/real/real_002837.jpg,real,original,1440,1440,False
data/RRDataset_original_train_val/train/real/real_009141.jpg,real,original,512,512,False
data/RRDataset_original_train_val/train/real/real_004347.jpg,real,original,1024,683,False
data/RRDataset_original_train_val/train/real/real_003411.jpg,real,original,1024,683,False
data/RRDataset_original_train_val/train/real/real_000673.jpg,real,original,640,640,False
data/RRDataset_original_train_val/train/real/real_005247.jpg,real,original,1024,576,False
data/RRDataset_original_train_val/train/real/real_002887.jpg,real,original,939,704,False
data/RRDataset_original_train_val/train/real/real_001261.jpg,real,original,1080,1075,False
data/RRDataset_original_train_val/train/real/real_005284.jpg,real,original,1024,683,False
data/RRDataset_original_train_val/train/real/real_007747.jpg,real,original,2048,1365,False
data/RRDataset_original_train_val/train/real/real_001256.jpg,real,original,947,1184,False
data/RRDataset_original_train_val/train/real/real_006469.jpg,real,original,1150,1500,False
data/RRDataset_original_train_val/train/real/real_001683.jpg,real,original,1440,960,False
data/RRDataset_original_train_val/train/real/real_005747.jpg,real,original,1024,683,False
data/RRDataset_original_train_val/train/real/real_009656.jpg,real,original,500,333,False
data/RRDataset_original_train_val/train/real/real_007417.jpg,real,original,1024,683,False
data/RRDataset_original_train_val/train/real/real_008010.jpg,real,original,3024,4032,False
data/RRDataset_original_train_val/train/real/real_009987.jpg,real,original,500,750,False
data/RRDataset_original_train_val/train/real/real_007039.jpg,real,original,2299,1533,False
data/RRDataset_original_train_val/train/real/real_004854.jpg,real,original,1024,683,False
data/RRDataset_original_train_val/train/real/real_007869.jpg,real,original,2479,3718,False
data/RRDataset_original_train_val/train/real/real_009008.jpg,real,original,512,512,False
data/RRDataset_original_train_val/train/real/real_006910.jpg,real,original,1600,1060,False
data/RRDataset_original_train_val/train/real/real_009486.jpg,real,original,512,512,False
data/RRDataset_original_train_val/train/real/real_006404.jpg,real,original,1500,971,False
data/RRDataset_original_train_val/train/real/real_009429.jpg,real,original,512,512,False
data/RRDataset_original_train_val/train/real/real_005366.jpg,real,original,1024,683,False
data/RRDataset_original_train_val/train/real/real_009013.jpg,real,original,512,512,False
data/RRDataset_original_train_val/train/real/real_000624.jpg,real,original,1440,961,False
data/RRDataset_original_train_val/train/real/real_001283.jpg,real,original,753,753,False
data/RRDataset_original_train_val/train/real/real_008397.jpg,real,original,5184,3456,False
data/RRDataset_original_train_val/train/real/real_003051.jpg,real,original,1056,704,False
data/RRDataset_original_train_val/train/real/real_008700.jpg,real,original,512,512,False
data/RRDataset_original_train_val/train/real/real_003688.jpg,real,original,1024,576,False
data/RRDataset_original_train_val/train/real/real_006439.jpg,real,original,1159,1500,False
data/RRDataset_original_train_val/train/real/real_004448.jpg,real,original,1024,678,False
data/RRDataset_original_train_val/train/real/real_008504.jpg,real,original,3456,2304,False
data/RRDataset_original_train_val/train/real/real_004056.jpg,real,original,696,1024,False
data/RRDataset_original_train_val/train/real/real_004515.jpg,real,original,1024,734,False
data/RRDataset_original_train_val/train/real/real_009826.jpg,real,original,500,750,False
data/RRDataset_original_train_val/train/real/real_003322.jpg,real,original,752,1024,False
data/RRDataset_original_train_val/train/real/real_008732.jpg,real,original,512,512,False
data/RRDataset_original_train_val/train/real/real_004871.jpg,real,original,1024,683,False
data/RRDataset_original_train_val/train/real/real_000351.jpg,real,original,1440,960,False
data/RRDataset_original_train_val/train/real/real_001554.jpg,real,original,1440,960,False
data/RRDataset_original_train_val/train/real/real_003422.jpg,real,original,1024,683,False
data/RRDataset_original_train_val/train/real/real_006667.jpg,real,original,1159,1500,False
data/RRDataset_original_train_val/train/real/real_009133.jpg,real,original,512,512,False
data/RRDataset_original_train_val/train/real/real_009142.jpg,real,original,512,512,False
data/RRDataset_original_train_val/train/real/real_008343.jpg,real,original,6000,4122,False
data/RRDataset_original_train_val/train/real/real_001436.jpg,real,original,1440,1440,False
data/RRDataset_original_train_val/train/real/real_003672.jpg,real,original,1024,683,False
data/RRDataset_original_train_val/train/real/real_009130.jpg,real,original,512,512,False
data/RRDataset_original_train_val/train/real/real_001555.jpg,real,original,1440,961,False
data/RRDataset_original_train_val/train/real/real_008186.jpg,real,original,8192,8192,False
data/RRDataset_original_train_val/train/real/real_000479.jpg,real,original,1440,960,False
data/RRDataset_original_train_val/train/real/real_005009.jpg,real,original,1024,857,False
data/RRDataset_original_train_val/train/real/real_000799.jpg,real,original,640,640,False
data/RRDataset_original_train_val/train/real/real_008721.jpg,real,original,512,512,False
data/RRDataset_original_train_val/train/real/real_007733.jpg,real,original,2048,1365,False
data/RRDataset_original_train_val/train/real/real_002181.jpg,real,original,1080,811,False
data/RRDataset_original_train_val/train/real/real_009900.jpg,real,original,500,224,False
data/RRDataset_original_train_val/train/real/real_005847.jpg,real,original,750,1024,False
data/RRDataset_original_train_val/train/real/real_008879.jpg,real,original,512,512,False
data/RRDataset_original_train_val/train/real/real_009487.jpg,real,original,512,512,False
data/RRDataset_original_train_val/train/real/real_006114.jpg,real,original,1024,683,False
data/RRDataset_original_train_val/train/real/real_001055.jpg,real,original,1080,1080,False
data/RRDataset_original_train_val/train/real/real_002507.jpg,real,original,1440,959,False
data/RRDataset_original_train_val/train/real/real_003043.jpg,real,original,1056,704,False
data/RRDataset_original_train_val/train/real/real_008764.jpg,real,original,512,512,False
data/RRDataset_original_train_val/train/real/real_005346.jpg,real,original,1024,678,False
data/RRDataset_original_train_val/train/real/real_000940.jpg,real,original,1080,1080,False
data/RRDataset_original_train_val/train/real/real_006771.jpg,real,original,1920,2881,False
data/RRDataset_original_train_val/train/real/real_003563.jpg,real,original,1024,683,False
data/RRDataset_original_train_val/train/real/real_005378.jpg,real,original,1024,683,False
data/RRDataset_original_train_val/train/real/real_006712.jpg,real,original,2334,3500,False
data/RRDataset_original_train_val/train/real/real_005290.jpg,real,original,1024,683,False
data/RRDataset_original_train_val/train/real/real_001223.jpg,real,original,1080,1075,False
data/RRDataset_original_train_val/train/real/real_002134.jpg,real,original,1080,759,False
data/RRDataset_original_train_val/train/real/real_009112.jpg,real,original,512,512,False
data/RRDataset_original_train_val/train/real/real_009710.jpg,real,original,500,333,False
data/RRDataset_original_train_val/train/real/real_007606.jpg,real,original,1500,1000,False
data/RRDataset_original_train_val/train/real/real_009128.jpg,real,original,512,512,False
data/RRDataset_original_train_val/train/real/real_000650.jpg,real,original,640,640,False
data/RRDataset_original_train_val/train/real/real_001940.jpg,real,original,1080,848,False
data/RRDataset_original_train_val/train/real/real_003773.jpg,real,original,1024,683,False
data/RRDataset_original_train_val/train/real/real_007147.jpg,real,original,1200,800,False
data/RRDataset_original_train_val/train/real/real_007729.jpg,real,original,1200,808,False
data/RRDataset_original_train_val/train/real/real_007930.jpg,real,original,4803,3202,False
data/RRDataset_original_train_val/train/real/real_005419.jpg,real,original,1024,683,False
data/RRDataset_original_train_val/train/real/real_005937.jpg,real,original,1024,683,False
data/RRDataset_original_train_val/train/real/real_001309.jpg,real,original,640,640,False
data/RRDataset_original_train_val/train/real/real_004321.jpg,real,original,1024,683,False
data/RRDataset_original_train_val/train/real/real_002940.jpg,real,original,939,704,False
data/RRDataset_original_train_val/train/real/real_009735.jpg,real,original,500,750,False
data/RRDataset_original_train_val/train/real/real_006014.jpg,real,original,1024,683,False
data/RRDataset_original_train_val/train/real/real_000075.jpg,real,original,1440,962,False
data/RRDataset_original_train_val/train/real/real_007194.jpg,real,original,900,600,False
data/RRDataset_original_train_val/train/real/real_007536.jpg,real,original,1770,1180,False
data/RRDataset_original_train_val/train/real/real_005708.jpg,real,original,1024,678,False
data/RRDataset_original_train_val/train/real/real_008389.jpg,real,original,5184,3456,False
data/RRDataset_original_train_val/train/real/real_009986.jpg,real,original,500,333,False
data/RRDataset_original_train_val/train/real/real_005379.jpg,real,original,1024,678,False
data/RRDataset_original_train_val/train/real/real_004564.jpg,real,original,1024,683,False
data/RRDataset_original_train_val/train/real/real_003895.jpg,real,original,1024,683,False
data/RRDataset_original_train_val/train/real/real_002231.jpg,real,original,1440,959,False
data/RRDataset_original_train_val/train/real/real_008654.jpg,real,original,512,512,False
data/RRDataset_original_train_val/train/real/real_007471.jpg,real,original,1600,1065,False
data/RRDataset_original_train_val/train/real/real_009816.jpg,real,original,500,333,False
data/RRDataset_original_train_val/train/real/real_007027.jpg,real,original,858,600,False
data/RRDataset_original_train_val/train/real/real_000406.jpg,real,original,1440,962,False
data/RRDataset_original_train_val/train/real/real_002015.jpg,real,original,1080,1080,False
data/RRDataset_original_train_val/train/real/real_004620.jpg,real,original,1024,683,False
data/RRDataset_original_train_val/train/real/real_000416.jpg,real,original,1440,960,False
data/RRDataset_original_train_val/train/real/real_008089.jpg,real,original,4200,4200,False
data/RRDataset_original_train_val/train/real/real_003854.jpg,real,original,1024,1024,False
data/RRDataset_original_train_val/train/real/real_000470.jpg,real,original,1440,960,False
data/RRDataset_original_train_val/train/real/real_006490.jpg,real,original,1159,1500,False
data/RRDataset_original_train_val/train/real/real_009654.jpg,real,original,500,595,False
data/RRDataset_original_train_val/train/real/real_004044.jpg,real,original,1024,683,False
data/RRDataset_original_train_val/train/real/real_004545.jpg,real,original,1024,1024,False
data/RRDataset_original_train_val/train/real/real_007712.jpg,real,original,2048,1365,False
data/RRDataset_original_train_val/train/real/real_009969.jpg,real,original,500,771,False
data/RRDataset_original_train_val/train/real/real_000393.jpg,real,original,1440,960,False
data/RRDataset_original_train_val/train/real/real_000540.jpg,real,original,1296,730,False
data/RRDataset_original_train_val/train/real/real_004779.jpg,real,original,1024,682,False
data/RRDataset_original_train_val/train/real/real_009590.jpg,real,original,500,667,False
data/RRDataset_original_train_val/train/real/real_006576.jpg,real,original,2704,3500,False
data/RRDataset_original_train_val/train/real/real_005619.jpg,real,original,1024,698,False
data/RRDataset_original_train_val/train/real/real_005262.jpg,real,original,800,800,False
data/RRDataset_original_train_val/train/real/real_007595.jpg,real,original,945,599,False
data/RRDataset_original_train_val/train/real/real_008757.jpg,real,original,512,512,False
data/RRDataset_original_train_val/train/real/real_001397.jpg,real,original,901,901,False
data/RRDataset_original_train_val/train/real/real_007931.jpg,real,original,3840,2160,False
data/RRDataset_original_train_val/train/real/real_002908.jpg,real,original,528,704,False
data/RRDataset_original_train_val/train/real/real_009662.jpg,real,original,500,375,False
data/RRDataset_original_train_val/train/real/real_006693.jpg,real,original,1159,1500,False
data/RRDataset_original_train_val/train/real/real_009636.jpg,real,original,512,512,False
data/RRDataset_original_train_val/train/real/real_006373.jpg,real,original,640,425,False
data/RRDataset_original_train_val/train/real/real_003643.jpg,real,original,1000,667,False
data/RRDataset_original_train_val/train/real/real_000866.jpg,real,original,1080,1080,False
data/RRDataset_original_train_val/train/real/real_009073.jpg,real,original,512,512,False
data/RRDataset_original_train_val/train/real/real_008820.jpg,real,original,512,512,False
data/RRDataset_original_train_val/train/real/real_008085.jpg,real,original,5705,3803,False
data/RRDataset_original_train_val/train/real/real_001572.jpg,real,original,1440,960,False
data/RRDataset_original_train_val/train/real/real_002368.jpg,real,original,1440,1440,False
data/RRDataset_original_train_val/train/real/real_001653.jpg,real,original,1440,1535,False
data/RRDataset_original_train_val/train/real/real_006025.jpg,real,original,1024,683,False
data/RRDataset_original_train_val/train/real/real_000904.jpg,real,original,1080,1080,False
data/RRDataset_original_train_val/train/real/real_009394.jpg,real,original,512,512,False
data/RRDataset_original_train_val/train/real/real_000035.jpg,real,original,1440,960,False
data/RRDataset_original_train_val/train/real/real_003969.jpg,real,original,735,1024,False
data/RRDataset_original_train_val/train/real/real_002449.jpg,real,original,1440,960,False
data/RRDataset_original_train_val/train/real/real_006177.jpg,real,original,1024,683,False
data/RRDataset_original_train_val/train/real/real_007854.jpg,real,original,4000,5176,False
data/RRDataset_original_train_val/train/real/real_009053.jpg,real,original,512,512,False
data/RRDataset_original_train_val/train/real/real_009660.jpg,real,original,500,326,False
data/RRDataset_original_train_val/train/real/real_003658.jpg,real,original,1024,797,False
data/RRDataset_original_train_val/train/real/real_006241.jpg,real,original,832,704,False
data/RRDataset_original_train_val/train/real/real_006590.jpg,real,original,1159,1500,False
data/RRDataset_original_train_val/train/real/real_003044.jpg,real,original,1056,704,False
data/RRDataset_original_train_val/train/real/real_002353.jpg,real,original,1440,1068,False
data/RRDataset_original_train_val/train/real/real_007726.jpg,real,original,2000,1500,False
data/RRDataset_original_train_val/train/real/real_001083.jpg,real,original,1080,1349,False
data/RRDataset_original_train_val/train/real/real_003143.jpg,real,original,1056,704,False
data/RRDataset_original_train_val/train/real/real_001306.jpg,real,original,1080,1080,False
data/RRDataset_original_train_val/train/real/real_008991.jpg,real,original,512,512,False
data/RRDataset_original_train_val/train/real/real_000243.jpg,real,original,612,612,False
data/RRDataset_original_train_val/train/real/real_004711.jpg,real,original,1024,682,False
data/RRDataset_original_train_val/train/real/real_008564.jpg,real,original,512,512,False
data/RRDataset_original_train_val/train/real/real_006233.jpg,real,original,1250,1000,False
data/RRDataset_original_train_val/train/real/real_002616.jpg,real,original,1440,1440,False
data/RRDataset_original_train_val/train/real/real_005571.jpg,real,original,1024,683,False
data/RRDataset_original_train_val/train/real/real_004691.jpg,real,original,1000,666,False
data/RRDataset_original_train_val/train/real/real_003096.jpg,real,original,939,704,False
data/RRDataset_original_train_val/train/real/real_001428.jpg,real,original,1440,1800,False
data/RRDataset_original_train_val/train/real/real_009248.jpg,real,original,512,512,False
data/RRDataset_original_train_val/train/real/real_006343.jpg,real,original,2333,3500,False
data/RRDataset_original_train_val/train/real/real_003001.jpg,real,original,1056,704,False
data/RRDataset_original_train_val/train/real/real_009324.jpg,real,original,512,512,False
data/RRDataset_original_train_val/train/real/real_006992.jpg,real,original,2048,1365,False
data/RRDataset_original_train_val/train/real/real_009410.jpg,real,original,512,512,False
data/RRDataset_original_train_val/train/real/real_002271.jpg,real,original,1440,1440,False
data/RRDataset_original_train_val/train/real/real_004234.jpg,real,original,1024,1024,False
data/RRDataset_original_train_val/train/real/real_003056.jpg,real,original,1056,704,False
data/RRDataset_original_train_val/train/real/real_006134.jpg,real,original,1024,683,False
data/RRDataset_original_train_val/train/real/real_003240.jpg,real,original,1024,683,False
data/RRDataset_original_train_val/train/real/real_000937.jpg,real,original,891,891,False
data/RRDataset_original_train_val/train/real/real_001989.jpg,real,original,1080,797,False
data/RRDataset_original_train_val/train/real/real_000634.jpg,real,original,1440,960,False
data/RRDataset_original_train_val/train/real/real_007024.jpg,real,original,900,600,False
data/RRDataset_original_train_val/train/real/real_005513.jpg,real,original,1024,683,False
data/RRDataset_original_train_val/train/real/real_006601.jpg,real,original,1500,1000,False
data/RRDataset_original_train_val/train/real/real_005122.jpg,real,original,1024,683,False
data/RRDataset_original_train_val/train/real/real_007309.jpg,real,original,1600,1065,False
data/RRDataset_original_train_val/train/real/real_008642.jpg,real,original,512,512,False
data/RRDataset_original_train_val/train/real/real_001689.jpg,real,original,1080,791,False
data/RRDataset_original_train_val/train/real/real_006015.jpg,real,original,900,900,False
data/RRDataset_original_train_val/train/real/real_002594.jpg,real,original,1440,960,False
data/RRDataset_original_train_val/train/real/real_002710.jpg,real,original,1440,996,False
data/RRDataset_original_train_val/train/real/real_003364.jpg,real,original,1024,683,False
data/RRDataset_original_train_val/train/real/real_009327.jpg,real,original,512,512,False
data/RRDataset_original_train_val/train/real/real_003279.jpg,real,original,1024,683,False
data/RRDataset_original_train_val/train/real/real_007011.jpg,real,original,2048,1365,False
data/RRDataset_original_train_val/train/real/real_005049.jpg,real,original,1024,683,False
data/RRDataset_original_train_val/train/real/real_003826.jpg,real,original,1024,683,False
data/RRDataset_original_train_val/train/real/real_006846.jpg,real,original,1000,1500,False
data/RRDataset_original_train_val/train/real/real_004916.jpg,real,original,1024,683,False
data/RRDataset_original_train_val/train/real/real_007095.jpg,real,original,1126,1690,False
data/RRDataset_original_train_val/train/real/real_002515.jpg,real,original,1440,1003,False
data/RRDataset_original_train_val/train/real/real_002297.jpg,real,original,1440,979,False
data/RRDataset_original_train_val/train/real/real_009048.jpg,real,original,512,512,False
data/RRDataset_original_train_val/train/real/real_002079.jpg,real,original,1080,860,False
data/RRDataset_original_train_val/train/real/real_002929.jpg,real,original,1056,704,False
data/RRDataset_original_train_val/train/real/real_001370.jpg,real,original,1080,1080,False
data/RRDataset_original_train_val/train/real/real_003523.jpg,real,original,1500,1000,False
data/RRDataset_original_train_val/train/real/real_008353.jpg,real,original,5696,8576,False
data/RRDataset_original_train_val/train/real/real_008961.jpg,real,original,512,512,False
data/RRDataset_original_train_val/train/real/real_004678.jpg,real,original,512,768,False
data/RRDataset_original_train_val/train/real/real_002585.jpg,real,original,1440,1074,False
data/RRDataset_original_train_val/train/real/real_000916.jpg,real,original,1080,1080,False
data/RRDataset_original_train_val/train/real/real_008962.jpg,real,original,512,512,False
data/RRDataset_original_train_val/train/real/real_002056.jpg,real,original,1080,831,False
data/RRDataset_original_train_val/train/real/real_007604.jpg,real,original,1224,816,False
data/RRDataset_original_train_val/train/real/real_006416.jpg,real,original,2335,3500,False
data/RRDataset_original_train_val/train/real/real_000478.jpg,real,original,1440,960,False
data/RRDataset_original_train_val/train/real/real_005808.jpg,real,original,1024,683,False
data/RRDataset_original_train_val/train/real/real_000234.jpg,real,original,1440,960,False
data/RRDataset_original_train_val/train/real/real_009296.jpg,real,original,512,512,False
data/RRDataset_original_train_val/train/real/real_000197.jpg,real,original,1440,961,False
data/RRDataset_original_train_val/train/real/real_005302.jpg,real,original,1024,683,False
data/RRDataset_original_train_val/train/real/real_002016.jpg,real,original,1080,756,False
data/RRDataset_original_train_val/train/real/real_007780.jpg,real,original,2048,1350,False
data/RRDataset_original_train_val/train/real/real_002377.jpg,real,original,1440,960,False
data/RRDataset_original_train_val/train/real/real_008945.jpg,real,original,512,512,False
data/RRDataset_original_train_val/train/real/real_008318.jpg,real,original,8512,5664,False
data/RRDataset_original_train_val/train/real/real_004117.jpg,real,original,1024,710,False
data/RRDataset_original_train_val/train/real/real_007917.jpg,real,original,3534,4417,False
data/RRDataset_original_train_val/train/real/real_001289.jpg,real,original,960,960,False
data/RRDataset_original_train_val/train/real/real_004137.jpg,real,original,1000,667,False
data/RRDataset_original_train_val/train/real/real_008992.jpg,real,original,512,512,False
data/RRDataset_original_train_val/train/real/real_000065.jpg,real,original,1440,962,False
data/RRDataset_original_train_val/train/real/real_006749.jpg,real,original,1000,1500,False
data/RRDataset_original_train_val/train/real/real_009363.jpg,real,original,512,512,False
data/RRDataset_original_train_val/train/real/real_006398.jpg,real,original,1488,1500,False
data/RRDataset_original_train_val/train/real/real_001208.jpg,real,original,1080,1080,False
data/RRDataset_original_train_val/train/real/real_000219.jpg,real,original,1440,960,False
data/RRDataset_original_train_val/train/real/real_002854.jpg,real,original,1440,979,False
data/RRDataset_original_train_val/train/real/real_005278.jpg,real,original,1000,667,False
data/RRDataset_original_train_val/train/real/real_008658.jpg,real,original,512,512,False
data/RRDataset_original_train_val/train/real/real_009320.jpg,real,original,512,512,False
data/RRDataset_original_train_val/train/real/real_005259.jpg,real,original,1024,683,False
data/RRDataset_original_train_val/train/real/real_003420.jpg,real,original,1024,692,False
data/RRDataset_original_train_val/train/real/real_008385.jpg,real,original,5184,3456,False
data/RRDataset_original_train_val/train/real/real_009630.jpg,real,original,500,375,False
data/RRDataset_original_train_val/train/real/real_006510.jpg,real,original,1000,1500,False
data/RRDataset_original_train_val/train/real/real_004412.jpg,real,original,1024,683,False
data/RRDataset_original_train_val/train/real/real_001867.jpg,real,original,1440,961,False
data/RRDataset_original_train_val/train/real/real_001564.jpg,real,original,640,640,False
data/RRDataset_original_train_val/train/real/real_000883.jpg,real,original,1080,1080,False
data/RRDataset_original_train_val/train/real/real_008788.jpg,real,original,512,512,False
data/RRDataset_original_train_val/train/real/real_002554.jpg,real,original,1440,960,False
data/RRDataset_original_train_val/train/real/real_004805.jpg,real,original,1024,636,False
data/RRDataset_original_train_val/train/real/real_002779.jpg,real,original,1440,960,False
data/RRDataset_original_train_val/train/real/real_003161.jpg,real,original,1018,704,False
data/RRDataset_original_train_val/train/real/real_005758.jpg,real,original,1024,683,False
data/RRDataset_original_train_val/train/real/real_005265.jpg,real,original,960,640,False
data/RRDataset_original_train_val/train/real/real_001924.jpg,real,original,1080,1080,False
data/RRDataset_original_train_val/train/real/real_004712.jpg,real,original,1024,678,False
data/RRDataset_original_train_val/train/real/real_005276.jpg,real,original,1024,576,False
data/RRDataset_original_train_val/train/real/real_000695.jpg,real,original,640,640,False
data/RRDataset_original_train_val/train/real/real_002595.jpg,real,original,1440,960,False
data/RRDataset_original_train_val/train/real/real_006787.jpg,real,original,1920,2880,False
data/RRDataset_original_train_val/train/real/real_003818.jpg,real,original,1024,683,False
data/RRDataset_original_train_val/train/real/real_003235.jpg,real,original,799,1000,False
data/RRDataset_original_train_val/train/real/real_006037.jpg,real,original,1024,683,False
data/RRDataset_original_train_val/train/real/real_006321.jpg,real,original,3500,2265,False
data/RRDataset_original_train_val/train/real/real_009516.jpg,real,original,512,512,False
data/RRDataset_original_train_val/train/real/real_002264.jpg,real,original,1440,1440,False
data/RRDataset_original_train_val/train/real/real_007123.jpg,real,original,2000,1333,False
data/RRDataset_original_train_val/train/real/real_004770.jpg,real,original,1024,682,False
data/RRDataset_original_train_val/train/real/real_005636.jpg,real,original,1024,679,False
data/RRDataset_original_train_val/train/real/real_002639.jpg,real,original,1440,959,False
data/RRDataset_original_train_val/train/real/real_007177.jpg,real,original,900,636,False
data/RRDataset_original_train_val/train/real/real_008573.jpg,real,original,512,512,False
data/RRDataset_original_train_val/train/real/real_009801.jpg,real,original,500,750,False
data/RRDataset_original_train_val/train/real/real_002460.jpg,real,original,1440,960,False
data/RRDataset_original_train_val/train/real/real_001582.jpg,real,original,1440,960,False
data/RRDataset_original_train_val/train/real/real_000709.jpg,real,original,640,640,False
data/RRDataset_original_train_val/train/real/real_009166.jpg,real,original,512,512,False
data/RRDataset_original_train_val/train/real/real_001043.jpg,real,original,640,640,False
data/RRDataset_original_train_val/train/real/real_002868.jpg,real,original,1440,960,False
data/RRDataset_original_train_val/train/real/real_003179.jpg,real,original,1056,704,False
data/RRDataset_original_train_val/train/real/real_000184.jpg,real,original,1440,961,False
data/RRDataset_original_train_val/train/real/real_000264.jpg,real,original,1440,960,False
data/RRDataset_original_train_val/train/real/real_005416.jpg,real,original,1024,683,False
data/RRDataset_original_train_val/train/real/real_008641.jpg,real,original,512,512,False
data/RRDataset_original_train_val/train/real/real_005790.jpg,real,original,1024,683,False
data/RRDataset_original_train_val/train/real/real_009241.jpg,real,original,512,512,False
data/RRDataset_original_train_val/train/real/real_003576.jpg,real,original,1024,683,False
data/RRDataset_original_train_val/train/real/real_008398.jpg,real,original,5127,3426,False
data/RRDataset_original_train_val/train/real/real_008232.jpg,real,original,4455,3120,False
data/RRDataset_original_train_val/train/real/real_004535.jpg,real,original,735,1024,False
data/RRDataset_original_train_val/train/real/real_003184.jpg,real,original,1056,704,False
data/RRDataset_original_train_val/train/real/real_001663.jpg,real,original,1440,960,False
data/RRDataset_original_train_val/train/real/real_003612.jpg,real,original,1024,682,False
data/RRDataset_original_train_val/train/real/real_008979.jpg,real,original,512,512,False
data/RRDataset_original_train_val/train/real/real_007098.jpg,real,original,1123,749,False
data/RRDataset_original_train_val/train/real/real_009452.jpg,real,original,512,512,False
data/RRDataset_original_train_val/train/real/real_007271.jpg,real,original,4542,3277,False
data/RRDataset_original_train_val/train/real/real_008763.jpg,real,original,512,512,False
data/RRDataset_original_train_val/train/real/real_006017.jpg,real,original,1024,683,False
data/RRDataset_original_train_val/train/real/real_004429.jpg,real,original,1024,682,False
data/RRDataset_original_train_val/train/real/real_002691.jpg,real,original,1440,960,False
data/RRDataset_original_train_val/train/real/real_006002.jpg,real,original,743,1024,False
data/RRDataset_original_train_val/train/real/real_009427.jpg,real,original,512,512,False
data/RRDataset_original_train_val/train/real/real_006923.jpeg,real,original,1200,795,False
data/RRDataset_original_train_val/train/real/real_002729.jpg,real,original,1440,984,False
data/RRDataset_original_train_val/train/real/real_007984.jpg,real,original,9000,6000,False
data/RRDataset_original_train_val/train/real/real_006064.jpg,real,original,1024,678,False
data/RRDataset_original_train_val/train/real/real_000423.jpg,real,original,1440,960,False
data/RRDataset_original_train_val/train/real/real_006908.jpg,real,original,1200,830,False
data/RRDataset_original_train_val/train/real/real_002408.jpg,real,original,1440,1018,False
data/RRDataset_original_train_val/train/real/real_002284.jpg,real,original,1440,994,False
data/RRDataset_original_train_val/train/real/real_001334.jpg,real,original,1080,1013,False
data/RRDataset_original_train_val/train/real/real_000353.jpg,real,original,1440,962,False
data/RRDataset_original_train_val/train/real/real_006006.jpg,real,original,1024,683,False
data/RRDataset_original_train_val/train/real/real_009076.jpg,real,original,512,512,False
data/RRDataset_original_train_val/train/real/real_009989.jpg,real,original,500,333,False
data/RRDataset_original_train_val/train/real/real_005031.jpg,real,original,1024,1024,False
data/RRDataset_original_train_val/train/real/real_001135.jpg,real,original,1080,1080,False
data/RRDataset_original_train_val/train/real/real_009746.jpg,real,original,512,512,False
data/RRDataset_original_train_val/train/real/real_003532.jpg,real,original,1024,683,False
data/RRDataset_original_train_val/train/real/real_006042.jpg,real,original,1024,683,False
data/RRDataset_original_train_val/train/real/real_008129.jpg,real,original,4160,6240,False
data/RRDataset_original_train_val/train/real/real_000778.jpg,real,original,640,640,False
data/RRDataset_original_train_val/train/real/real_005745.jpg,real,original,1024,678,False
data/RRDataset_original_train_val/train/real/real_003198.jpg,real,original,1498,1000,False
data/RRDataset_original_train_val/train/real/real_006522.jpg,real,original,1159,1500,False
data/RRDataset_original_train_val/train/real/real_006412.jpg,real,original,1500,971,False
data/RRDataset_original_train_val/train/real/real_002762.jpg,real,original,1440,960,False
data/RRDataset_original_train_val/train/real/real_009693.jpg,real,original,500,500,False
data/RRDataset_original_train_val/train/real/real_007384.jpg,real,original,1200,800,False
data/RRDataset_original_train_val/train/real/real_002386.jpg,real,original,1440,1047,False
data/RRDataset_original_train_val/train/real/real_009465.jpg,real,original,512,512,False
data/RRDataset_original_train_val/train/real/real_004850.jpg,real,original,1024,683,False
data/RRDataset_original_train_val/train/real/real_002856.jpg,real,original,1440,987,False
data/RRDataset_original_train_val/train/real/real_000507.jpg,real,original,1440,961,False
data/RRDataset_original_train_val/train/real/real_002347.jpg,real,original,1440,1097,False
data/RRDataset_original_train_val/train/real/real_008899.jpg,real,original,512,512,False
data/RRDataset_original_train_val/train/real/real_003711.jpg,real,original,1024,683,False
data/RRDataset_original_train_val/train/real/real_003518.jpg,real,original,1024,683,False
data/RRDataset_original_train_val/train/real/real_008792.jpg,real,original,512,512,False
data/RRDataset_original_train_val/train/real/real_006444.jpg,real,original,1159,1500,False
data/RRDataset_original_train_val/train/real/real_008762.jpg,real,original,512,512,False
data/RRDataset_original_train_val/train/real/real_003533.jpg,real,original,1024,475,False
data/RRDataset_original_train_val/train/real/real_007949.jpg,real,original,3008,1688,False
data/RRDataset_original_train_val/train/real/real_008488.jpg,real,original,3456,2304,False
data/RRDataset_original_train_val/train/real/real_002753.jpg,real,original,1440,994,False
data/RRDataset_original_train_val/train/real/real_009828.jpg,real,original,500,625,False
data/RRDataset_original_train_val/train/real/real_002164.jpg,real,original,1440,971,False
data/RRDataset_original_train_val/train/real/real_009522.jpg,real,original,512,512,False
data/RRDataset_original_train_val/train/real/real_000425.jpg,real,original,1440,960,False
data/RRDataset_original_train_val/train/real/real_001584.jpg,real,original,1440,959,False
data/RRDataset_original_train_val/train/real/real_005807.jpg,real,original,1024,681,False
data/RRDataset_original_train_val/train/real/real_002354.jpg,real,original,1440,1162,False
data/RRDataset_original_train_val/train/real/real_000424.jpg,real,original,1290,2294,False
data/RRDataset_original_train_val/train/real/real_001310.jpg,real,original,1080,1080,False
data/RRDataset_original_train_val/train/real/real_005558.jpg,real,original,1024,683,False
data/RRDataset_original_train_val/train/real/real_005218.jpg,real,original,1000,1250,False
data/RRDataset_original_train_val/train/real/real_009252.jpg,real,original,512,512,False
data/RRDataset_original_train_val/train/real/real_002676.jpg,real,original,1440,960,False
data/RRDataset_original_train_val/train/real/real_009784.jpg,real,original,500,750,False
data/RRDataset_original_train_val/train/real/real_003880.jpg,real,original,738,1024,False
data/RRDataset_original_train_val/train/real/real_002285.jpg,real,original,1440,1036,False
data/RRDataset_original_train_val/train/real/real_007457.jpg,real,original,1600,1065,False
data/RRDataset_original_train_val/train/real/real_004096.jpg,real,original,1024,683,False
data/RRDataset_original_train_val/train/real/real_009565.jpg,real,original,500,889,False
data/RRDataset_original_train_val/train/real/real_008738.jpg,real,original,512,512,False
data/RRDataset_original_train_val/train/real/real_003374.jpg,real,original,1024,724,False
data/RRDataset_original_train_val/train/real/real_004768.jpg,real,original,1024,683,False
data/RRDataset_original_train_val/train/real/real_000865.jpg,real,original,640,640,False
data/RRDataset_original_train_val/train/real/real_001511.jpg,real,original,1440,960,False
data/RRDataset_original_train_val/train/real/real_008835.jpg,real,original,512,512,False
data/RRDataset_original_train_val/train/real/real_005100.jpg,real,original,735,1024,False
data/RRDataset_original_train_val/train/real/real_002556.jpg,real,original,1440,959,False
data/RRDataset_original_train_val/train/real/real_007332.jpg,real,original,960,637,False
data/RRDataset_original_train_val/train/real/real_009524.jpg,real,original,512,512,False
data/RRDataset_original_train_val/train/real/real_008874.jpg,real,original,512,512,False
data/RRDataset_original_train_val/train/real/real_004930.jpg,real,original,1024,1024,False
data/RRDataset_original_train_val/train/real/real_006093.jpg,real,original,1024,683,False
data/RRDataset_original_train_val/train/real/real_002276.jpg,real,original,1440,1440,False
data/RRDataset_original_train_val/train/real/real_009326.jpg,real,original,512,512,False
data/RRDataset_original_train_val/train/real/real_004357.jpg,real,original,1024,683,False
data/RRDataset_original_train_val/train/real/real_005332.jpg,real,original,1024,678,False
data/RRDataset_original_train_val/train/real/real_001945.jpg,real,original,1080,768,False
data/RRDataset_original_train_val/train/real/real_002426.jpg,real,original,1080,880,False
data/RRDataset_original_train_val/train/real/real_000814.jpg,real,original,640,640,False
data/RRDataset_original_train_val/train/real/real_007301.jpg,real,original,1460,971,False
data/RRDataset_original_train_val/train/real/real_003939.jpg,real,original,1024,683,False
data/RRDataset_original_train_val/train/real/real_004797.jpg,real,original,683,1024,False
data/RRDataset_original_train_val/train/real/real_006668.jpg,real,original,1159,1500,False
data/RRDataset_original_train_val/train/real/real_004612.jpg,real,original,745,1024,False
data/RRDataset_original_train_val/train/real/real_001488.jpg,real,original,1440,960,False
data/RRDataset_original_train_val/train/real/real_003066.jpg,real,original,1056,704,False
data/RRDataset_original_train_val/train/real/real_006092.jpg,real,original,1024,683,False
data/RRDataset_original_train_val/train/real/real_009341.jpg,real,original,512,512,False
data/RRDataset_original_train_val/train/real/real_004929.jpg,real,original,724,1024,False
data/RRDataset_original_train_val/train/real/real_007919.jpg,real,original,3456,5184,False
data/RRDataset_original_train_val/train/real/real_004878.jpg,real,original,683,1024,False
data/RRDataset_original_train_val/train/real/real_003232.jpg,real,original,799,1000,False
data/RRDataset_original_train_val/train/real/real_003408.jpg,real,original,1023,1024,False
data/RRDataset_original_train_val/train/real/real_009942.jpg,real,original,500,750,False
data/RRDataset_original_train_val/train/real/real_004904.jpg,real,original,683,1024,False
data/RRDataset_original_train_val/train/real/real_006282.jpg,real,original,1334,1000,False
data/RRDataset_original_train_val/train/real/real_008484.jpg,real,original,3456,2304,False
data/RRDataset_original_train_val/train/real/real_004907.jpg,real,original,1024,683,False
data/RRDataset_original_train_val/train/real/real_006754.jpg,real,original,995,1500,False
data/RRDataset_original_train_val/train/real/real_003511.jpg,real,original,1024,686,False
data/RRDataset_original_train_val/train/real/real_001425.jpg,real,original,1440,1437,False
data/RRDataset_original_train_val/train/real/real_009170.jpg,real,original,512,512,False
data/RRDataset_original_train_val/train/real/real_005824.jpg,real,original,1024,683,False
data/RRDataset_original_train_val/train/real/real_007737.jpg,real,original,960,640,False
data/RRDataset_original_train_val/train/real/real_007445.jpg,real,original,4896,3264,False
data/RRDataset_original_train_val/train/real/real_005613.jpg,real,original,1024,683,False
data/RRDataset_original_train_val/train/real/real_002679.jpg,real,original,1440,960,False
data/RRDataset_original_train_val/train/real/real_006859.jpg,real,original,2333,3500,False
data/RRDataset_original_train_val/train/real/real_008605.jpg,real,original,512,512,False
data/RRDataset_original_train_val/train/real/real_000096.jpg,real,original,1440,960,False
data/RRDataset_original_train_val/train/real/real_001326.jpg,real,original,1080,1080,False
data/RRDataset_original_train_val/train/real/real_001674.jpg,real,original,1440,960,False
data/RRDataset_original_train_val/train/real/real_003865.jpg,real,original,1024,732,False
data/RRDataset_original_train_val/train/real/real_005651.jpg,real,original,1024,683,False
data/RRDataset_original_train_val/train/real/real_001525.jpg,real,original,1440,960,False
data/RRDataset_original_train_val/train/real/real_006703.jpg,real,original,1500,971,False
data/RRDataset_original_train_val/train/real/real_003713.jpg,real,original,800,800,False
data/RRDataset_original_train_val/train/real/real_009067.jpg,real,original,512,512,False
data/RRDataset_original_train_val/train/real/real_006629.jpg,real,original,1000,1500,False
data/RRDataset_original_train_val/train/real/real_009811.jpg,real,original,500,280,False
data/RRDataset_original_train_val/train/real/real_000788.jpg,real,original,640,640,False
data/RRDataset_original_train_val/train/real/real_002106.jpg,real,original,1080,720,False
data/RRDataset_original_train_val/train/real/real_005685.jpg,real,original,1024,1024,False
data/RRDataset_original_train_val/train/real/real_004410.jpg,real,original,1024,683,False
data/RRDataset_original_train_val/train/real/real_001504.jpg,real,original,1440,1440,False
data/RRDataset_original_train_val/train/real/real_002433.jpg,real,original,1440,959,False
data/RRDataset_original_train_val/train/real/real_007462.jpg,real,original,1600,1067,False
data/RRDataset_original_train_val/train/real/real_004495.jpg,real,original,1024,673,False
data/RRDataset_original_train_val/train/real/real_008509.jpg,real,original,3456,2304,False
data/RRDataset_original_train_val/train/real/real_003573.jpg,real,original,1024,683,False
data/RRDataset_original_train_val/train/real/real_006606.jpg,real,original,640,799,False
data/RRDataset_original_train_val/train/real/real_003331.jpg,real,original,1024,682,False
data/RRDataset_original_train_val/train/real/real_003537.jpg,real,original,1024,683,False
data/RRDataset_original_train_val/train/real/real_008198.jpg,real,original,2702,4804,False
data/RRDataset_original_train_val/train/real/real_007381.jpg,real,original,1200,800,False
data/RRDataset_original_train_val/train/real/real_006136.jpg,real,original,1024,683,False
data/RRDataset_original_train_val/train/real/real_004428.jpg,real,original,1024,678,False
data/RRDataset_original_train_val/train/real/real_008872.jpg,real,original,512,512,False
data/RRDataset_original_train_val/train/real/real_007692.jpg,real,original,1200,799,False
data/RRDataset_original_train_val/train/real/real_009773.jpg,real,original,500,625,False
data/RRDataset_original_train_val/train/real/real_002218.jpg,real,original,1440,1054,False
data/RRDataset_original_train_val/train/real/real_000509.jpg,real,original,1440,961,False
data/RRDataset_original_train_val/train/real/real_004713.jpg,real,original,1024,682,False
data/RRDataset_original_train_val/train/real/real_006044.jpg,real,original,1024,683,False
data/RRDataset_original_train_val/train/real/real_003226.jpg,real,original,1498,1000,False
data/RRDataset_original_train_val/train/real/real_002970.jpg,real,original,758,506,False
data/RRDataset_original_train_val/train/real/real_006254.jpg,real,original,1333,1000,False
data/RRDataset_original_train_val/train/real/real_006982.jpg,real,original,5138,3419,False
data/RRDataset_original_train_val/train/real/real_001592.jpg,real,original,1440,960,False
data/RRDataset_original_train_val/train/real/real_009768.jpg,real,original,500,500,False
data/RRDataset_original_train_val/train/real/real_004872.jpg,real,original,1024,683,False
data/RRDataset_original_train_val/train/real/real_008291.jpg,real,original,4256,2832,False
data/RRDataset_original_train_val/train/real/real_007293.jpg,real,original,1024,683,False
data/RRDataset_original_train_val/train/real/real_000247.jpg,real,original,1440,959,False
data/RRDataset_original_train_val/train/real/real_009698.jpg,real,original,500,667,False
data/RRDataset_original_train_val/train/real/real_007238.jpg,real,original,2000,1327,False
data/RRDataset_original_train_val/train/real/real_001009.jpg,real,original,640,640,False
data/RRDataset_original_train_val/train/real/real_008086.jpg,real,original,4429,2787,False
data/RRDataset_original_train_val/train/real/real_005388.jpg,real,original,1024,678,False
data/RRDataset_original_train_val/train/real/real_005667.jpg,real,original,1024,683,False
data/RRDataset_original_train_val/train/real/real_000922.jpg,real,original,1080,1350,False
data/RRDataset_original_train_val/train/real/real_002692.jpg,real,original,1080,1080,False
data/RRDataset_original_train_val/train/real/real_005314.jpg,real,original,1024,683,False
data/RRDataset_original_train_val/train/real/real_003200.jpg,real,original,1498,1000,False
data/RRDataset_original_train_val/train/real/real_003991.jpg,real,original,1024,683,False
data/RRDataset_original_train_val/train/real/real_003891.jpg,real,original,1024,683,False
data/RRDataset_original_train_val/train/real/real_004207.jpg,real,original,1024,640,False
data/RRDataset_original_train_val/train/real/real_000193.jpg,real,original,1440,961,False
data/RRDataset_original_train_val/train/real/real_009119.jpg,real,original,512,512,False
data/RRDataset_original_train_val/train/real/real_007464.jpg,real,original,1600,1065,False
data/RRDataset_original_train_val/train/real/real_008554.jpg,real,original,512,512,False
data/RRDataset_original_train_val/train/real/real_000923.jpg,real,original,640,640,False
data/RRDataset_original_train_val/train/real/real_005773.jpg,real,original,768,768,False
data/RRDataset_original_train_val/train/real/real_003348.jpg,real,original,1024,683,False
data/RRDataset_original_train_val/train/real/real_005673.jpg,real,original,1024,683,False
data/RRDataset_original_train_val/train/real/real_000326.jpg,real,original,1440,961,False
data/RRDataset_original_train_val/train/real/real_000415.jpg,real,original,1440,960,False
data/RRDataset_original_train_val/train/real/real_004639.jpg,real,original,1000,667,False
data/RRDataset_original_train_val/train/real/real_004442.jpg,real,original,1024,683,False
data/RRDataset_original_train_val/train/real/real_000364.jpg,real,original,1440,960,False
data/RRDataset_original_train_val/train/real/real_006185.jpg,real,original,1024,683,False
data/RRDataset_original_train_val/train/real/real_000324.jpg,real,original,1440,960,False
data/RRDataset_original_train_val/train/real/real_002341.jpg,real,original,1440,960,False
data/RRDataset_original_train_val/train/real/real_006690.jpg,real,original,1159,1500,False
data/RRDataset_original_train_val/train/real/real_002955.jpg,real,original,939,704,False
data/RRDataset_original_train_val/train/real/real_008863.jpg,real,original,512,512,False
data/RRDataset_original_train_val/train/real/real_009882.jpg,real,original,500,750,False
data/RRDataset_original_train_val/train/real/real_002839.jpg,real,original,1440,959,False
data/RRDataset_original_train_val/train/real/real_009362.jpg,real,original,512,512,False
data/RRDataset_original_train_val/train/real/real_001757.jpg,real,original,1440,959,False
data/RRDataset_original_train_val/train/real/real_003353.jpg,real,original,683,1024,False
data/RRDataset_original_train_val/train/real/real_007769.jpg,real,original,2048,1536,False
data/RRDataset_original_train_val/train/real/real_005602.jpg,real,original,1024,683,False
data/RRDataset_original_train_val/train/real/real_002720.jpg,real,original,1440,990,False
data/RRDataset_original_train_val/train/real/real_001961.jpg,real,original,1080,1080,False
data/RRDataset_original_train_val/train/real/real_002610.jpg,real,original,1440,960,False
data/RRDataset_original_train_val/train/real/real_007474.jpg,real,original,1600,1060,False
data/RRDataset_original_train_val/train/real/real_007376.jpg,real,original,1200,800,False
data/RRDataset_original_train_val/train/real/real_006151.jpg,real,original,1024,683,False
data/RRDataset_original_train_val/train/real/real_000649.jpg,real,original,640,640,False
data/RRDataset_original_train_val/train/real/real_007653.jpg,real,original,1024,960,False
data/RRDataset_original_train_val/train/real/real_009544.jpg,real,original,512,512,False
data/RRDataset_original_train_val/train/real/real_005184.jpg,real,original,1024,1024,False
data/RRDataset_original_train_val/train/real/real_004342.jpg,real,original,1024,683,False
data/RRDataset_original_train_val/train/real/real_004064.jpg,real,original,1024,683,False
data/RRDataset_original_train_val/train/real/real_009783.jpg,real,original,500,889,False
data/RRDataset_original_train_val/train/real/real_003552.jpg,real,original,1024,683,False
data/RRDataset_original_train_val/train/real/real_007916.jpg,real,original,3556,4445,False
data/RRDataset_original_train_val/train/real/real_005427.jpg,real,original,1024,683,False
data/RRDataset_original_train_val/train/real/real_006115.jpg,real,original,1024,683,False
data/RRDataset_original_train_val/train/real/real_009571.jpg,real,original,500,750,False
data/RRDataset_original_train_val/train/real/real_002513.jpg,real,original,1440,1247,False
data/RRDataset_original_train_val/train/real/real_005052.jpg,real,original,1024,683,False
data/RRDataset_original_train_val/train/real/real_007126.jpg,real,original,1500,1000,False
data/RRDataset_original_train_val/train/real/real_004726.jpg,real,original,1024,678,False
data/RRDataset_original_train_val/train/real/real_000909.jpg,real,original,612,612,False
data/RRDataset_original_train_val/train/real/real_004367.jpg,real,original,1024,683,False
data/RRDataset_original_train_val/train/real/real_001849.jpg,real,original,1440,1740,False
data/RRDataset_original_train_val/train/real/real_001421.jpg,real,original,797,797,False
data/RRDataset_original_train_val/train/real/real_001759.jpg,real,original,1440,1798,False
data/RRDataset_original_train_val/train/real/real_008002.jpg,real,original,2979,3973,False
data/RRDataset_original_train_val/train/real/real_007767.jpg,real,original,3494,2514,False
data/RRDataset_original_train_val/train/real/real_000582.jpg,real,original,1440,961,False
data/RRDataset_original_train_val/train/real/real_003227.jpg,real,original,1498,1000,False
data/RRDataset_original_train_val/train/real/real_003438.jpg,real,original,1024,732,False
data/RRDataset_original_train_val/train/real/real_008828.jpg,real,original,512,512,False
data/RRDataset_original_train_val/train/real/real_002667.jpg,real,original,1440,960,False
data/RRDataset_original_train_val/train/real/real_004592.jpg,real,original,1024,683,False
data/RRDataset_original_train_val/train/real/real_001008.jpg,real,original,1080,1080,False
data/RRDataset_original_train_val/train/real/real_002587.jpg,real,original,1440,1078,False
data/RRDataset_original_train_val/train/real/real_006462.jpg,real,original,640,425,False
data/RRDataset_original_train_val/train/real/real_005508.jpg,real,original,1024,683,False
data/RRDataset_original_train_val/train/real/real_000434.jpg,real,original,1440,960,False
data/RRDataset_original_train_val/train/real/real_005215.jpg,real,original,1000,1000,False
data/RRDataset_original_train_val/train/real/real_008582.jpg,real,original,512,512,False
data/RRDataset_original_train_val/train/real/real_008025.jpg,real,original,4897,3264,False
data/RRDataset_original_train_val/train/real/real_004232.jpg,real,original,803,1024,False
data/RRDataset_original_train_val/train/real/real_001574.jpg,real,original,1440,960,False
data/RRDataset_original_train_val/train/real/real_006023.jpg,real,original,800,800,False
data/RRDataset_original_train_val/train/real/real_006965.jpg,real,original,5637,3758,False
data/RRDataset_original_train_val/train/real/real_003950.jpg,real,original,1024,682,False
data/RRDataset_original_train_val/train/real/real_008354.jpg,real,original,8576,5696,False
data/RRDataset_original_train_val/train/real/real_007762.jpg,real,original,2048,1519,False
data/RRDataset_original_train_val/train/real/real_005429.jpg,real,original,1024,724,False
data/RRDataset_original_train_val/train/real/real_007927.jpg,real,original,3208,3208,False
data/RRDataset_original_train_val/train/real/real_001857.jpg,real,original,1440,960,False
data/RRDataset_original_train_val/train/real/real_004083.jpg,real,original,1000,667,False
data/RRDataset_original_train_val/train/real/real_008528.jpg,real,original,5616,3370,False
data/RRDataset_original_train_val/train/real/real_005163.jpg,real,original,1024,683,False
data/RRDataset_original_train_val/train/real/real_007478.jpg,real,original,2048,1365,False
data/RRDataset_original_train_val/train/real/real_006990.jpg,real,original,2048,1365,False
data/RRDataset_original_train_val/train/real/real_008630.jpg,real,original,512,512,False
data/RRDataset_original_train_val/train/real/real_008735.jpg,real,original,512,512,False
data/RRDataset_original_train_val/train/real/real_000350.jpg,real,original,1440,960,False
data/RRDataset_original_train_val/train/real/real_006637.jpg,real,original,1159,1500,False
data/RRDataset_original_train_val/train/real/real_009988.jpg,real,original,500,333,False
data/RRDataset_original_train_val/train/real/real_007012.jpg,real,original,2048,1365,False
data/RRDataset_original_train_val/train/real/real_001741.jpg,real,original,1440,960,False
data/RRDataset_original_train_val/train/real/real_004625.jpg,real,original,1000,1000,False
data/RRDataset_original_train_val/train/real/real_001314.jpg,real,original,1080,966,False
data/RRDataset_original_train_val/train/real/real_009871.jpg,real,original,500,751,False
data/RRDataset_original_train_val/train/real/real_004754.jpg,real,original,1024,682,False
data/RRDataset_original_train_val/train/real/real_003083.jpg,real,original,758,505,False
data/RRDataset_original_train_val/train/real/real_000180.jpg,real,original,1440,961,False
data/RRDataset_original_train_val/train/real/real_003400.jpg,real,original,1024,683,False
data/RRDataset_original_train_val/train/real/real_004153.jpg,real,original,1024,683,False
data/RRDataset_original_train_val/train/real/real_008801.jpg,real,original,512,512,False
data/RRDataset_original_train_val/train/real/real_003507.jpg,real,original,1024,683,False
data/RRDataset_original_train_val/train/real/real_002248.jpg,real,original,1080,773,False
data/RRDataset_original_train_val/train/real/real_005721.jpg,real,original,1024,684,False
data/RRDataset_original_train_val/train/real/real_009140.jpg,real,original,512,512,False
data/RRDataset_original_train_val/train/real/real_008599.jpg,real,original,512,512,False
data/RRDataset_original_train_val/train/real/real_003343.jpg,real,original,1024,683,False
data/RRDataset_original_train_val/train/real/real_003271.jpg,real,original,963,640,False
data/RRDataset_original_train_val/train/real/real_008219.jpg,real,original,5184,3456,False
data/RRDataset_original_train_val/train/real/real_001129.jpg,real,original,907,1134,False
data/RRDataset_original_train_val/train/real/real_004523.jpg,real,original,1024,683,False
data/RRDataset_original_train_val/train/real/real_005552.jpg,real,original,1024,683,False
data/RRDataset_original_train_val/train/real/real_000517.jpg,real,original,1440,960,False
data/RRDataset_original_train_val/train/real/real_007313.jpg,real,original,1460,971,False
data/RRDataset_original_train_val/train/real/real_002690.jpg,real,original,1440,1128,False
data/RRDataset_original_train_val/train/real/real_000579.jpg,real,original,1440,961,False
data/RRDataset_original_train_val/train/real/real_009281.jpg,real,original,512,512,False
data/RRDataset_original_train_val/train/real/real_003555.jpg,real,original,1024,683,False
data/RRDataset_original_train_val/train/real/real_005455.jpg,real,original,1024,683,False
data/RRDataset_original_train_val/train/real/real_005988.jpg,real,original,1024,678,False
data/RRDataset_original_train_val/train/real/real_005890.jpg,real,original,1024,683,False
data/RRDataset_original_train_val/train/real/real_009525.jpg,real,original,512,512,False
data/RRDataset_original_train_val/train/real/real_003352.jpg,real,original,683,1024,False
data/RRDataset_original_train_val/train/real/real_006065.jpg,real,original,1024,683,False
data/RRDataset_original_train_val/train/real/real_002137.jpg,real,original,1080,914,False
data/RRDataset_original_train_val/train/real/real_001435.jpg,real,original,1440,1355,False
data/RRDataset_original_train_val/train/real/real_001046.jpg,real,original,1080,808,False
data/RRDataset_original_train_val/train/real/real_004689.jpg,real,original,512,768,False
data/RRDataset_original_train_val/train/real/real_003860.jpg,real,original,1024,683,False
data/RRDataset_original_train_val/train/real/real_000735.jpg,real,original,640,640,False
data/RRDataset_original_train_val/train/real/real_007550.jpg,real,original,800,532,False
data/RRDataset_original_train_val/train/real/real_000031.jpg,real,original,1440,960,False
data/RRDataset_original_train_val/train/real/real_006335.jpg,real,original,2704,3500,False
data/RRDataset_original_train_val/train/real/real_005889.jpg,real,original,1024,683,False
data/RRDataset_original_train_val/train/real/real_002207.jpg,real,original,1440,965,False
data/RRDataset_original_train_val/train/real/real_004710.jpg,real,original,1024,683,False
data/RRDataset_original_train_val/train/real/real_007831.jpg,real,original,2048,1348,False
data/RRDataset_original_train_val/train/real/real_009961.jpg,real,original,500,331,False
data/RRDataset_original_train_val/train/real/real_009186.jpg,real,original,512,512,False
data/RRDataset_original_train_val/train/real/real_005857.jpg,real,original,1024,680,False
data/RRDataset_original_train_val/train/real/real_006240.jpg,real,original,832,704,False
data/RRDataset_original_train_val/train/real/real_009722.jpg,real,original,500,750,False
data/RRDataset_original_train_val/train/real/real_001558.jpg,real,original,1440,960,False
data/RRDataset_original_train_val/train/real/real_008494.jpg,real,original,4272,2848,False
data/RRDataset_original_train_val/train/real/real_002711.jpg,real,original,755,753,False
data/RRDataset_original_train_val/train/real/real_005813.jpg,real,original,1024,683,False
data/RRDataset_original_train_val/train/real/real_007365.jpg,real,original,1296,864,False
data/RRDataset_original_train_val/train/real/real_002060.jpg,real,original,1080,1080,False
data/RRDataset_original_train_val/train/real/real_007688.jpg,real,original,2048,1536,False
data/RRDataset_original_train_val/train/real/real_007034.jpg,real,original,2299,1533,False
data/RRDataset_original_train_val/train/real/real_005161.jpg,real,original,1024,683,False
data/RRDataset_original_train_val/train/real/real_008333.jpg,real,original,7776,5176,False
data/RRDataset_original_train_val/train/real/real_000030.jpg,real,original,1440,960,False
data/RRDataset_original_train_val/train/real/real_000133.jpg,real,original,640,640,False
data/RRDataset_original_train_val/train/real/real_002659.jpg,real,original,1080,955,False
data/RRDataset_original_train_val/train/real/real_002280.jpg,real,original,1440,959,False
data/RRDataset_original_train_val/train/real/real_000910.jpg,real,original,640,640,False
data/RRDataset_original_train_val/train/real/real_001953.jpg,real,original,1080,791,False
data/RRDataset_original_train_val/train/real/real_000372.jpg,real,original,1440,960,False
data/RRDataset_original_train_val/train/real/real_003916.jpg,real,original,1024,684,False
data/RRDataset_original_train_val/train/real/real_008596.jpg,real,original,512,512,False
data/RRDataset_original_train_val/train/real/real_005095.jpg,real,original,1000,667,False
data/RRDataset_original_train_val/train/real/real_003246.jpg,real,original,1024,655,False
data/RRDataset_original_train_val/train/real/real_009400.jpg,real,original,512,512,False
data/RRDataset_original_train_val/train/real/real_009280.jpg,real,original,512,512,False
data/RRDataset_original_train_val/train/real/real_005032.jpg,real,original,1024,683,False
data/RRDataset_original_train_val/train/real/real_009938.jpg,real,original,500,750,False
data/RRDataset_original_train_val/train/real/real_000361.jpg,real,original,1440,960,False
data/RRDataset_original_train_val/train/real/real_008054.jpg,real,original,3448,4592,False
data/RRDataset_original_train_val/train/real/real_003557.jpg,real,original,1024,683,False
data/RRDataset_original_train_val/train/real/real_005908.jpg,real,original,1024,683,False
data/RRDataset_original_train_val/train/real/real_006627.jpg,real,original,1000,1500,False
data/RRDataset_original_train_val/train/real/real_009485.jpg,real,original,512,512,False
data/RRDataset_original_train_val/train/real/real_001362.jpg,real,original,1080,1350,False
data/RRDataset_original_train_val/train/real/real_003082.jpg,real,original,758,505,False
data/RRDataset_original_train_val/train/real/real_004256.jpg,real,original,1024,682,False
data/RRDataset_original_train_val/train/real/real_006541.jpg,real,original,1159,1500,False
data/RRDataset_original_train_val/train/real/real_006890.jpg,real,original,2705,3500,False
data/RRDataset_original_train_val/train/real/real_000182.jpg,real,original,1440,961,False
data/RRDataset_original_train_val/train/real/real_002653.jpg,real,original,1440,990,False
data/RRDataset_original_train_val/train/real/real_006852.jpg,real,original,1000,1500,False
data/RRDataset_original_train_val/train/real/real_005862.jpg,real,original,1024,678,False
data/RRDataset_original_train_val/train/real/real_007903.jpg,real,original,4961,4961,False
data/RRDataset_original_train_val/train/real/real_003287.jpg,real,original,1024,683,False
data/RRDataset_original_train_val/train/real/real_001035.jpg,real,original,1080,1080,False
data/RRDataset_original_train_val/train/real/real_007006.jpg,real,original,2048,1356,False
data/RRDataset_original_train_val/train/real/real_000702.jpg,real,original,640,640,False
data/RRDataset_original_train_val/train/real/real_006680.jpg,real,original,1159,1500,False
data/RRDataset_original_train_val/train/real/real_003413.jpg,real,original,1024,683,False
data/RRDataset_original_train_val/train/real/real_007514.jpg,real,original,1355,900,False
data/RRDataset_original_train_val/train/real/real_008304.jpg,real,original,4871,3247,False
data/RRDataset_original_train_val/train/real/real_000441.jpg,real,original,1440,961,False
data/RRDataset_original_train_val/train/real/real_001979.jpg,real,original,1080,1080,False
data/RRDataset_original_train_val/train/real/real_000732.jpg,real,original,640,640,False
data/RRDataset_original_train_val/train/real/real_003703.jpg,real,original,1024,683,False
data/RRDataset_original_train_val/train/real/real_000669.jpg,real,original,640,640,False
data/RRDataset_original_train_val/train/real/real_009318.jpg,real,original,512,512,False
data/RRDataset_original_train_val/train/real/real_003899.jpg,real,original,1024,683,False
data/RRDataset_original_train_val/train/real/real_004936.jpg,real,original,1024,724,False
data/RRDataset_original_train_val/train/real/real_006698.jpg,real,original,1500,971,False
data/RRDataset_original_train_val/train/real/real_001317.jpg,real,original,1080,1080,False
data/RRDataset_original_train_val/train/real/real_001573.jpg,real,original,1440,960,False
data/RRDataset_original_train_val/train/real/real_000249.jpg,real,original,1440,960,False
data/RRDataset_original_train_val/train/real/real_002882.jpg,real,original,939,704,False
data/RRDataset_original_train_val/train/real/real_007856.jpg,real,original,3648,5472,False
data/RRDataset_original_train_val/train/real/real_007623.jpg,real,original,1280,960,False
data/RRDataset_original_train_val/train/real/real_008000.jpg,real,original,3912,5868,False
data/RRDataset_original_train_val/train/real/real_004233.jpg,real,original,1024,1024,False
data/RRDataset_original_train_val/train/real/real_006945.jpg,real,original,550,584,False
data/RRDataset_original_train_val/train/real/real_007557.jpg,real,original,2048,1536,False
data/RRDataset_original_train_val/train/real/real_001291.jpg,real,original,1080,1080,False
data/RRDataset_original_train_val/train/real/real_009886.jpg,real,original,500,334,False
data/RRDataset_original_train_val/train/real/real_003270.jpg,real,original,990,657,False
data/RRDataset_original_train_val/train/real/real_000827.jpg,real,original,640,640,False
data/RRDataset_original_train_val/train/real/real_002792.jpg,real,original,1080,1080,False
data/RRDataset_original_train_val/train/real/real_008678.jpg,real,original,512,512,False
data/RRDataset_original_train_val/train/real/real_008464.jpg,real,original,3456,2304,False
data/RRDataset_original_train_val/train/real/real_009116.jpg,real,original,512,512,False
data/RRDataset_original_train_val/train/real/real_001284.jpg,real,original,785,785,False
data/RRDataset_original_train_val/train/real/real_006000.jpg,real,original,1024,678,False
data/RRDataset_original_train_val/train/real/real_007446.jpg,real,original,4896,3264,False
data/RRDataset_original_train_val/train/real/real_003611.jpg,real,original,1024,1024,False
data/RRDataset_original_train_val/train/real/real_009766.jpg,real,original,500,750,False
data/RRDataset_original_train_val/train/real/real_006135.jpg,real,original,1024,683,False
data/RRDataset_original_train_val/train/real/real_006105.jpg,real,original,1024,683,False
data/RRDataset_original_train_val/train/real/real_004784.jpg,real,original,1024,682,False
data/RRDataset_original_train_val/train/real/real_002367.jpg,real,original,1440,1317,False
data/RRDataset_original_train_val/train/real/real_002031.jpg,real,original,1080,751,False
data/RRDataset_original_train_val/train/real/real_008458.jpg,real,original,4000,3000,False
data/RRDataset_original_train_val/train/real/real_001420.jpg,real,original,640,640,False
data/RRDataset_original_train_val/train/real/real_002823.jpg,real,original,1440,960,False
data/RRDataset_original_train_val/train/real/real_009634.jpg,real,original,500,281,False
data/RRDataset_original_train_val/train/real/real_002350.jpg,real,original,1440,985,False
data/RRDataset_original_train_val/train/real/real_006767.jpg,real,original,1000,1500,False
data/RRDataset_original_train_val/train/real/real_007615.jpg,real,original,1516,1011,False
data/RRDataset_original_train_val/train/real/real_001752.jpg,real,original,1440,959,False
data/RRDataset_original_train_val/train/real/real_000874.jpg,real,original,1080,1080,False
data/RRDataset_original_train_val/train/real/real_009024.jpg,real,original,512,512,False
data/RRDataset_original_train_val/train/real/real_006967.jpg,real,original,5212,3468,False
data/RRDataset_original_train_val/train/real/real_009399.jpg,real,original,512,512,False
data/RRDataset_original_train_val/train/real/real_002380.jpg,real,original,1440,959,False
data/RRDataset_original_train_val/train/real/real_005851.jpg,real,original,1024,683,False
data/RRDataset_original_train_val/train/real/real_008435.jpg,real,original,2968,1956,False
data/RRDataset_original_train_val/train/real/real_001109.jpg,real,original,640,640,False
data/RRDataset_original_train_val/train/real/real_000793.jpg,real,original,640,640,False
data/RRDataset_original_train_val/train/real/real_002843.jpg,real,original,1440,1007,False
data/RRDataset_original_train_val/train/real/real_009992.jpg,real,original,512,512,False
data/RRDataset_original_train_val/train/real/real_007054.jpg,real,original,1080,810,False
data/RRDataset_original_train_val/train/real/real_001004.jpg,real,original,640,640,False
data/RRDataset_original_train_val/train/real/real_003621.jpg,real,original,733,1024,False
data/RRDataset_original_train_val/train/real/real_003099.jpg,real,original,1056,704,False
data/RRDataset_original_train_val/train/real/real_002185.jpg,real,original,1440,1440,False
data/RRDataset_original_train_val/train/real/real_000600.jpg,real,original,1440,960,False
data/RRDataset_original_train_val/train/real/real_005578.jpg,real,original,1024,683,False
data/RRDataset_original_train_val/train/real/real_006862.jpg,real,original,2333,3500,False
data/RRDataset_original_train_val/train/real/real_006168.jpg,real,original,1024,678,False
data/RRDataset_original_train_val/train/real/real_005240.jpg,real,original,1024,683,False
data/RRDataset_original_train_val/train/real/real_004663.jpg,real,original,512,768,False
data/RRDataset_original_train_val/train/real/real_001973.jpg,real,original,1080,779,False
data/RRDataset_original_train_val/train/real/real_006043.jpg,real,original,1024,683,False
data/RRDataset_original_train_val/train/real/real_004194.jpg,real,original,1024,683,False
data/RRDataset_original_train_val/train/real/real_004097.jpg,real,original,1024,683,False
data/RRDataset_original_train_val/train/real/real_004364.jpg,real,original,1024,683,False
data/RRDataset_original_train_val/train/real/real_004130.jpg,real,original,1024,683,False
data/RRDataset_original_train_val/train/real/real_008571.jpg,real,original,512,512,False
data/RRDataset_original_train_val/train/real/real_006697.jpg,real,original,1159,1500,False
data/RRDataset_original_train_val/train/real/real_006919.jpg,real,original,1800,1200,False
data/RRDataset_original_train_val/train/real/real_008873.jpg,real,original,512,512,False
data/RRDataset_original_train_val/train/real/real_003177.jpg,real,original,1498,1000,False
data/RRDataset_original_train_val/train/real/real_009868.jpg,real,original,500,750,False
data/RRDataset_original_train_val/train/real/real_002821.jpg,real,original,1440,1091,False
data/RRDataset_original_train_val/train/real/real_006367.jpg,real,original,1159,1500,False
data/RRDataset_original_train_val/train/real/real_007721.jpg,real,original,2048,1360,False
data/RRDataset_original_train_val/train/real/real_009622.jpg,real,original,500,889,False
data/RRDataset_original_train_val/train/real/real_002028.jpg,real,original,1080,718,False
data/RRDataset_original_train_val/train/real/real_004778.jpg,real,original,1024,682,False
data/RRDataset_original_train_val/train/real/real_009754.jpg,real,original,500,376,False
data/RRDataset_original_train_val/train/real/real_008075.jpg,real,original,2912,4368,False
data/RRDataset_original_train_val/train/real/real_007409.jpg,real,original,1024,683,False
data/RRDataset_original_train_val/train/real/real_002949.jpg,real,original,1056,704,False
data/RRDataset_original_train_val/train/real/real_001794.jpg,real,original,1440,961,False
data/RRDataset_original_train_val/train/real/real_003173.jpg,real,original,1251,1000,False
data/RRDataset_original_train_val/train/real/real_000199.jpg,real,original,640,640,False
data/RRDataset_original_train_val/train/real/real_006956.jpg,real,original,5760,3840,False
data/RRDataset_original_train_val/train/real/real_001596.jpg,real,original,1440,958,False
data/RRDataset_original_train_val/train/real/real_005614.jpg,real,original,1024,683,False
data/RRDataset_original_train_val/train/real/real_003012.jpg,real,original,1056,704,False
data/RRDataset_original_train_val/train/real/real_001018.jpg,real,original,1080,1349,False
data/RRDataset_original_train_val/train/real/real_009576.jpg,real,original,500,625,False
data/RRDataset_original_train_val/train/real/real_004151.jpg,real,original,1024,683,False
data/RRDataset_original_train_val/train/real/real_009700.jpg,real,original,500,333,False
data/RRDataset_original_train_val/train/real/real_007175.jpg,real,original,2048,1367,False
data/RRDataset_original_train_val/train/real/real_002204.jpg,real,original,1080,1080,False
data/RRDataset_original_train_val/train/real/real_008388.jpg,real,original,5184,3453,False
data/RRDataset_original_train_val/train/real/real_008218.jpg,real,original,4712,3141,False
data/RRDataset_original_train_val/train/real/real_008822.jpg,real,original,512,512,False
data/RRDataset_original_train_val/train/real/real_003986.jpg,real,original,1024,683,False
data/RRDataset_original_train_val/train/real/real_008112.jpg,real,original,3000,2000,False
data/RRDataset_original_train_val/train/real/real_005488.jpg,real,original,1024,683,False
data/RRDataset_original_train_val/train/real/real_004707.jpg,real,original,1024,682,False
data/RRDataset_original_train_val/train/real/real_000864.jpg,real,original,1080,1080,False
data/RRDataset_original_train_val/train/real/real_008818.jpg,real,original,512,512,False
data/RRDataset_original_train_val/train/real/real_003472.jpg,real,original,731,1024,False
data/RRDataset_original_train_val/train/real/real_002189.jpg,real,original,1440,1000,False
data/RRDataset_original_train_val/train/real/real_002063.jpg,real,original,1080,1080,False
data/RRDataset_original_train_val/train/real/real_001749.jpg,real,original,1440,1800,False
data/RRDataset_original_train_val/train/real/real_002893.jpg,real,original,939,704,False
data/RRDataset_original_train_val/train/real/real_005973.jpg,real,original,1024,683,False
data/RRDataset_original_train_val/train/real/real_000409.jpg,real,original,1440,960,False
data/RRDataset_original_train_val/train/real/real_007412.jpg,real,original,1024,683,False
data/RRDataset_original_train_val/train/real/real_006991.jpg,real,original,2048,1365,False
data/RRDataset_original_train_val/train/real/real_009297.jpg,real,original,512,512,False
data/RRDataset_original_train_val/train/real/real_009478.jpg,real,original,512,512,False
data/RRDataset_original_train_val/train/real/real_002866.jpg,real,original,1440,960,False
data/RRDataset_original_train_val/train/real/real_009158.jpg,real,original,512,512,False
data/RRDataset_original_train_val/train/real/real_004196.jpg,real,original,1024,682,False
data/RRDataset_original_train_val/train/real/real_002642.jpg,real,original,1440,959,False
data/RRDataset_original_train_val/train/real/real_005695.jpg,real,original,1024,678,False
data/RRDataset_original_train_val/train/real/real_006600.jpg,real,original,1159,1500,False
data/RRDataset_original_train_val/train/real/real_007567.jpg,real,original,1600,1066,False
data/RRDataset_original_train_val/train/real/real_007375.jpg,real,original,1200,812,False
data/RRDataset_original_train_val/train/real/real_007588.jpg,real,original,601,900,False
data/RRDataset_original_train_val/train/real/real_001744.jpg,real,original,1080,817,False
data/RRDataset_original_train_val/train/real/real_000713.jpg,real,original,640,640,False
data/RRDataset_original_train_val/train/real/real_008923.jpg,real,original,512,512,False
data/RRDataset_original_train_val/train/real/real_005108.jpg,real,original,683,1024,False
data/RRDataset_original_train_val/train/real/real_003698.jpg,real,original,1024,683,False
data/RRDataset_original_train_val/train/real/real_009329.jpg,real,original,512,512,False
data/RRDataset_original_train_val/train/real/real_004782.jpg,real,original,1024,682,False
data/RRDataset_original_train_val/train/real/real_004262.jpg,real,original,843,1024,False
data/RRDataset_original_train_val/train/real/real_000248.jpg,real,original,1440,960,False
data/RRDataset_original_train_val/train/real/real_002464.jpg,real,original,1440,959,False
data/RRDataset_original_train_val/train/real/real_001233.jpg,real,original,640,640,False
data/RRDataset_original_train_val/train/real/real_000074.jpg,real,original,1440,962,False
data/RRDataset_original_train_val/train/real/real_001699.jpg,real,original,1440,1156,False
data/RRDataset_original_train_val/train/real/real_009604.jpg,real,original,500,333,False
data/RRDataset_original_train_val/train/real/real_002538.jpg,real,original,1440,960,False
data/RRDataset_original_train_val/train/real/real_003084.jpg,real,original,1056,704,False
data/RRDataset_original_train_val/train/real/real_002552.jpg,real,original,1440,960,False
data/RRDataset_original_train_val/train/real/real_001798.jpg,real,original,1440,960,False
data/RRDataset_original_train_val/train/real/real_009578.jpg,real,original,500,625,False
data/RRDataset_original_train_val/train/real/real_005980.jpg,real,original,1024,683,False
data/RRDataset_original_train_val/train/real/real_005985.jpg,real,original,1024,683,False
data/RRDataset_original_train_val/train/real/real_006256.jpg,real,original,1500,1000,False
data/RRDataset_original_train_val/train/real/real_004611.jpg,real,original,1024,683,False
data/RRDataset_original_train_val/train/real/real_009438.jpg,real,original,512,512,False
data/RRDataset_original_train_val/train/real/real_007140.jpg,real,original,1200,800,False
data/RRDataset_original_train_val/train/real/real_008127.jpg,real,original,6000,4000,False
data/RRDataset_original_train_val/train/real/real_004095.jpg,real,original,1024,683,False
data/RRDataset_original_train_val/train/real/real_007076.jpg,real,original,1024,768,False
data/RRDataset_original_train_val/train/real/real_004343.jpg,real,original,1024,683,False
data/RRDataset_original_train_val/train/real/real_006579.jpg,real,original,2704,3500,False
data/RRDataset_original_train_val/train/real/real_008558.jpg,real,original,512,512,False
data/RRDataset_original_train_val/train/real/real_007341.jpg,real,original,2423,1615,False
data/RRDataset_original_train_val/train/real/real_008130.jpg,real,original,3138,2092,False
data/RRDataset_original_train_val/train/real/real_006207.jpg,real,original,1333,1000,False
data/RRDataset_original_train_val/train/real/real_006672.jpg,real,original,1500,971,False
data/RRDataset_original_train_val/train/real/real_008867.jpg,real,original,512,512,False
data/RRDataset_original_train_val/train/real/real_001347.jpg,real,original,1080,1080,False
data/RRDataset_original_train_val/train/real/real_004040.jpg,real,original,1024,1024,False
data/RRDataset_original_train_val/train/real/real_008335.jpg,real,original,7200,4800,False
data/RRDataset_original_train_val/train/real/real_008711.jpg,real,original,512,512,False
data/RRDataset_original_train_val/train/real/real_001873.jpg,real,original,1440,960,False
data/RRDataset_original_train_val/train/real/real_009519.jpg,real,original,512,512,False
data/RRDataset_original_train_val/train/real/real_004425.jpg,real,original,1024,678,False
data/RRDataset_original_train_val/train/real/real_009771.jpg,real,original,500,333,False
data/RRDataset_original_train_val/train/real/real_001286.jpg,real,original,757,757,False
data/RRDataset_original_train_val/train/real/real_007525.jpg,real,original,1770,1180,False
data/RRDataset_original_train_val/train/real/real_008338.jpg,real,original,3744,5616,False
data/RRDataset_original_train_val/train/real/real_003727.jpg,real,original,1024,732,False
data/RRDataset_original_train_val/train/real/real_008975.jpg,real,original,512,512,False
data/RRDataset_original_train_val/train/real/real_002451.jpg,real,original,1440,960,False
data/RRDataset_original_train_val/train/real/real_004522.jpg,real,original,1024,683,False
data/RRDataset_original_train_val/train/real/real_001391.jpg,real,original,1080,1080,False
data/RRDataset_original_train_val/train/real/real_006289.jpg,real,original,1168,1000,False
data/RRDataset_original_train_val/train/real/real_009229.jpg,real,original,512,512,False
data/RRDataset_original_train_val/train/real/real_009974.jpg,real,original,500,750,False
data/RRDataset_original_train_val/train/real/real_000169.jpg,real,original,1440,961,False
data/RRDataset_original_train_val/train/real/real_003667.jpg,real,original,743,1024,False
data/RRDataset_original_train_val/train/real/real_006331.jpg,real,original,2705,3500,False
data/RRDataset_original_train_val/train/real/real_002864.jpg,real,original,1440,1028,False
data/RRDataset_original_train_val/train/real/real_000047.jpg,real,original,1440,960,False
data/RRDataset_original_train_val/train/real/real_003403.jpg,real,original,1024,683,False
data/RRDataset_original_train_val/train/real/real_004109.jpg,real,original,985,1024,False
data/RRDataset_original_train_val/train/real/real_008868.jpg,real,original,512,512,False
data/RRDataset_original_train_val/train/real/real_007894.jpg,real,original,4032,1908,False
data/RRDataset_original_train_val/train/real/real_003407.jpg,real,original,1024,733,False
data/RRDataset_original_train_val/train/real/real_005594.jpg,real,original,1024,683,False
data/RRDataset_original_train_val/train/real/real_005148.jpg,real,original,1024,683,False
data/RRDataset_original_train_val/train/real/real_002824.jpg,real,original,1440,959,False
data/RRDataset_original_train_val/train/real/real_000853.jpg,real,original,1080,1080,False
data/RRDataset_original_train_val/train/real/real_004457.jpg,real,original,1024,683,False
data/RRDataset_original_train_val/train/real/real_008100.jpg,real,original,3024,4032,False
data/RRDataset_original_train_val/train/real/real_004309.jpg,real,original,1024,683,False
data/RRDataset_original_train_val/train/real/real_004254.jpg,real,original,1024,1024,False
data/RRDataset_original_train_val/train/real/real_005550.jpg,real,original,1024,683,False
data/RRDataset_original_train_val/train/real/real_004565.jpg,real,original,1024,683,False
data/RRDataset_original_train_val/train/real/real_003516.jpg,real,original,1024,683,False
data/RRDataset_original_train_val/train/real/real_003341.jpg,real,original,781,1024,False
data/RRDataset_original_train_val/train/real/real_000344.jpg,real,original,1440,960,False
data/RRDataset_original_train_val/train/real/real_000560.jpg,real,original,1440,1440,False
data/RRDataset_original_train_val/train/real/real_007670.jpg,real,original,1024,1024,False
data/RRDataset_original_train_val/train/real/real_003929.jpg,real,original,1024,683,False
data/RRDataset_original_train_val/train/real/real_003378.jpg,real,original,1024,683,False
data/RRDataset_original_train_val/train/real/real_001758.jpg,real,original,1440,966,False
data/RRDataset_original_train_val/train/real/real_000912.jpg,real,original,1080,1080,False
data/RRDataset_original_train_val/train/real/real_008031.jpg,real,original,2643,3964,False
data/RRDataset_original_train_val/train/real/real_002224.jpg,real,original,1440,1067,False
data/RRDataset_original_train_val/train/real/real_007072.jpg,real,original,1024,768,False
data/RRDataset_original_train_val/train/real/real_009175.jpg,real,original,512,512,False
data/RRDataset_original_train_val/train/real/real_005399.jpg,real,original,1024,683,False
data/RRDataset_original_train_val/train/real/real_002293.jpg,real,original,1440,959,False
data/RRDataset_original_train_val/train/real/real_009408.jpg,real,original,512,512,False
data/RRDataset_original_train_val/train/real/real_005394.jpg,real,original,1024,683,False
data/RRDataset_original_train_val/train/real/real_001248.jpg,real,original,1074,1074,False
data/RRDataset_original_train_val/train/real/real_005959.jpg,real,original,1024,1024,False
data/RRDataset_original_train_val/train/real/real_008750.jpg,real,original,512,512,False
data/RRDataset_original_train_val/train/real/real_001249.jpg,real,original,1080,1350,False
data/RRDataset_original_train_val/train/real/real_006296.jpg,real,original,1333,1000,False
data/RRDataset_original_train_val/train/real/real_002855.jpg,real,original,1034,1293,False
data/RRDataset_original_train_val/train/real/real_009537.jpg,real,original,512,512,False
data/RRDataset_original_train_val/train/real/real_006568.jpg,real,original,1159,1500,False
data/RRDataset_original_train_val/train/real/real_006192.jpg,real,original,828,553,False
data/RRDataset_original_train_val/train/real/real_002225.jpg,real,original,1440,959,False
data/RRDataset_original_train_val/train/real/real_007198.jpg,real,original,1800,1200,False
data/RRDataset_original_train_val/train/real/real_004847.jpg,real,original,1024,1024,False
data/RRDataset_original_train_val/train/real/real_002389.jpg,real,original,1440,973,False
data/RRDataset_original_train_val/train/real/real_002750.jpg,real,original,1440,959,False
data/RRDataset_original_train_val/train/real/real_007415.jpg,real,original,1024,683,False
data/RRDataset_original_train_val/train/real/real_007707.jpg,real,original,6239,4164,False
data/RRDataset_original_train_val/train/real/real_001913.jpg,real,original,1080,1034,False
data/RRDataset_original_train_val/train/real/real_004435.jpg,real,original,1024,682,False
data/RRDataset_original_train_val/train/real/real_003415.jpg,real,original,1024,683,False
data/RRDataset_original_train_val/train/real/real_002404.jpg,real,original,1440,1019,False
data/RRDataset_original_train_val/train/real/real_009612.jpg,real,original,500,333,False
data/RRDataset_original_train_val/train/real/real_008920.jpg,real,original,512,512,False
data/RRDataset_original_train_val/train/real/real_001615.jpg,real,original,1440,1027,False
data/RRDataset_original_train_val/train/real/real_007411.jpg,real,original,1024,683,False
data/RRDataset_original_train_val/train/real/real_005551.jpg,real,original,1024,683,False
data/RRDataset_original_train_val/train/real/real_006003.jpg,real,original,1024,683,False
data/RRDataset_original_train_val/train/real/real_007920.jpg,real,original,3264,4902,False
data/RRDataset_original_train_val/train/real/real_001964.jpg,real,original,1080,1080,False
data/RRDataset_original_train_val/train/real/real_001547.jpg,real,original,1440,960,False
data/RRDataset_original_train_val/train/real/real_006966.jpg,real,original,5686,3791,False
data/RRDataset_original_train_val/train/real/real_003608.jpg,real,original,743,1024,False
data/RRDataset_original_train_val/train/real/real_006561.jpg,real,original,1500,1000,False
data/RRDataset_original_train_val/train/real/real_002743.jpg,real,original,1440,960,False
data/RRDataset_original_train_val/train/real/real_006165.jpg,real,original,1024,683,False
data/RRDataset_original_train_val/train/real/real_001737.jpg,real,original,1440,960,False
data/RRDataset_original_train_val/train/real/real_006264.jpg,real,original,1334,1000,False
data/RRDataset_original_train_val/train/real/real_005726.jpg,real,original,1024,683,False
data/RRDataset_original_train_val/train/real/real_008849.jpg,real,original,512,512,False
data/RRDataset_original_train_val/train/real/real_002492.jpg,real,original,1080,864,False
data/RRDataset_original_train_val/train/real/real_003100.jpg,real,original,758,498,False
data/RRDataset_original_train_val/train/real/real_005068.jpg,real,original,1024,1024,False
data/RRDataset_original_train_val/train/real/real_002748.jpg,real,original,1440,960,False
data/RRDataset_original_train_val/train/real/real_005450.jpg,real,original,1024,683,False
data/RRDataset_original_train_val/train/real/real_002881.jpg,real,original,939,704,False
data/RRDataset_original_train_val/train/real/real_009506.jpg,real,original,512,512,False
data/RRDataset_original_train_val/train/real/real_006420.jpg,real,original,1500,970,False
data/RRDataset_original_train_val/train/real/real_001713.jpg,real,original,1440,1486,False
data/RRDataset_original_train_val/train/real/real_008689.jpg,real,original,512,512,False
data/RRDataset_original_train_val/train/real/real_004567.jpg,real,original,1024,682,False
data/RRDataset_original_train_val/train/real/real_005244.jpg,real,original,1024,683,False
data/RRDataset_original_train_val/train/real/real_005865.jpg,real,original,1024,678,False
data/RRDataset_original_train_val/train/real/real_001784.jpg,real,original,1440,960,False
data/RRDataset_original_train_val/train/real/real_000935.jpg,real,original,640,479,False
data/RRDataset_original_train_val/train/real/real_003549.jpg,real,original,1024,732,False
data/RRDataset_original_train_val/train/real/real_007100.jpg,real,original,1268,845,False
data/RRDataset_original_train_val/train/real/real_002024.jpg,real,original,1080,762,False
data/RRDataset_original_train_val/train/real/real_006396.jpg,real,original,1159,1500,False
data/RRDataset_original_train_val/train/real/real_001134.jpg,real,original,1080,1349,False
data/RRDataset_original_train_val/train/real/real_006796.jpg,real,original,1000,1500,False
data/RRDataset_original_train_val/train/real/real_007073.jpg,real,original,1080,810,False
data/RRDataset_original_train_val/train/real/real_005146.jpg,real,original,1024,1024,False
data/RRDataset_original_train_val/train/real/real_005511.jpg,real,original,1024,683,False
data/RRDataset_original_train_val/train/real/real_005714.jpg,real,original,1024,683,False
data/RRDataset_original_train_val/train/real/real_001700.jpg,real,original,1080,748,False
data/RRDataset_original_train_val/train/real/real_000399.jpg,real,original,640,640,False
data/RRDataset_original_train_val/train/real/real_003481.jpg,real,original,1024,683,False
data/RRDataset_original_train_val/train/real/real_008154.jpg,real,original,4160,6240,False
data/RRDataset_original_train_val/train/real/real_005392.jpg,real,original,1024,683,False
data/RRDataset_original_train_val/train/real/real_003617.jpg,real,original,1024,576,False
data/RRDataset_original_train_val/train/real/real_005698.jpg,real,original,1024,683,False
data/RRDataset_original_train_val/train/real/real_008539.jpg,real,original,5616,3370,False
data/RRDataset_original_train_val/train/real/real_003250.jpg,real,original,1024,724,False
data/RRDataset_original_train_val/train/real/real_005797.jpg,real,original,1024,683,False
data/RRDataset_original_train_val/train/real/real_004529.jpg,real,original,1000,1000,False
data/RRDataset_original_train_val/train/real/real_004650.jpg,real,original,724,1024,False
data/RRDataset_original_train_val/train/real/real_009705.jpg,real,original,500,333,False
data/RRDataset_original_train_val/train/real/real_009406.jpg,real,original,512,512,False
data/RRDataset_original_train_val/train/real/real_001847.jpg,real,original,426,284,False
data/RRDataset_original_train_val/train/real/real_001809.jpg,real,original,1440,960,False
data/RRDataset_original_train_val/train/real/real_002599.jpg,real,original,1440,988,False
data/RRDataset_original_train_val/train/real/real_004745.jpg,real,original,1024,682,False
data/RRDataset_original_train_val/train/real/real_004046.jpg,real,original,1024,683,False
data/RRDataset_original_train_val/train/real/real_007421.jpg,real,original,960,635,False
data/RRDataset_original_train_val/train/real/real_002339.jpg,real,original,1440,1087,False
data/RRDataset_original_train_val/train/real/real_005971.jpg,real,original,1024,683,False
data/RRDataset_original_train_val/train/real/real_001762.jpg,real,original,1440,989,False
data/RRDataset_original_train_val/train/real/real_003622.jpg,real,original,1024,1024,False
data/RRDataset_original_train_val/train/real/real_003256.jpg,real,original,731,1024,False
data/RRDataset_original_train_val/train/real/real_006762.jpg,real,original,2052,3500,False
data/RRDataset_original_train_val/train/real/real_003936.jpg,real,original,1024,683,False
data/RRDataset_original_train_val/train/real/real_004110.jpg,real,original,1000,1000,False
data/RRDataset_original_train_val/train/real/real_005874.jpg,real,original,1024,683,False
data/RRDataset_original_train_val/train/real/real_005584.jpg,real,original,1024,683,False
data/RRDataset_original_train_val/train/real/real_005883.jpg,real,original,1024,683,False
data/RRDataset_original_train_val/train/real/real_005939.jpg,real,original,1024,683,False
data/RRDataset_original_train_val/train/real/real_006094.jpg,real,original,1024,576,False
data/RRDataset_original_train_val/train/real/real_008139.jpg,real,original,4480,6720,False
data/RRDataset_original_train_val/train/real/real_009004.jpg,real,original,512,512,False
data/RRDataset_original_train_val/train/real/real_009488.jpg,real,original,512,512,False
data/RRDataset_original_train_val/train/real/real_000766.jpg,real,original,640,640,False
data/RRDataset_original_train_val/train/real/real_009129.jpg,real,original,512,512,False
data/RRDataset_original_train_val/train/real/real_003326.jpg,real,original,1024,683,False
data/RRDataset_original_train_val/train/real/real_006907.jpg,real,original,1200,795,False
data/RRDataset_original_train_val/train/real/real_009467.jpg,real,original,512,512,False
data/RRDataset_original_train_val/train/real/real_001442.jpg,real,original,640,640,False
data/RRDataset_original_train_val/train/real/real_005289.jpg,real,original,1024,683,False
data/RRDataset_original_train_val/train/real/real_008498.jpg,real,original,3648,2736,False
data/RRDataset_original_train_val/train/real/real_001281.jpg,real,original,1080,1080,False
data/RRDataset_original_train_val/train/real/real_009796.jpg,real,original,500,333,False
data/RRDataset_original_train_val/train/real/real_007803.jpg,real,original,1800,1200,False
data/RRDataset_original_train_val/train/real/real_006714.jpg,real,original,3500,2265,False
data/RRDataset_original_train_val/train/real/real_009436.jpg,real,original,512,512,False
data/RRDataset_original_train_val/train/real/real_009715.jpg,real,original,500,750,False
data/RRDataset_original_train_val/train/real/real_008047.jpg,real,original,3471,2280,False
data/RRDataset_original_train_val/train/real/real_004773.jpg,real,original,1024,682,False
data/RRDataset_original_train_val/train/real/real_006711.jpg,real,original,2704,3500,False
data/RRDataset_original_train_val/train/real/real_006298.jpg,real,original,1333,1000,False
data/RRDataset_original_train_val/train/real/real_007564.jpg,real,original,1904,1428,False
data/RRDataset_original_train_val/train/real/real_001641.jpg,real,original,1440,961,False
data/RRDataset_original_train_val/train/real/real_004180.jpg,real,original,1024,683,False
data/RRDataset_original_train_val/train/real/real_009913.jpg,real,original,500,747,False
data/RRDataset_original_train_val/train/real/real_000384.jpg,real,original,1440,960,False
data/RRDataset_original_train_val/train/real/real_000855.jpg,real,original,1080,1080,False
data/RRDataset_original_train_val/train/real/real_007304.jpg,real,original,1460,971,False
data/RRDataset_original_train_val/train/real/real_004140.jpg,real,original,1000,667,False
data/RRDataset_original_train_val/train/real/real_001675.jpg,real,original,1440,1336,False
data/RRDataset_original_train_val/val/ai/Political_&_Social_Events_000765.png,fake,original,1024,1024,False
data/RRDataset_original_train_val/val/ai/War_&_Conflict_Scenes_000539.png,fake,original,1024,1024,False
data/RRDataset_original_train_val/val/ai/Political_&_Social_Events_000166.png,fake,original,512,512,False
data/RRDataset_original_train_val/val/ai/normal_008151.png,fake,original,1024,1024,False
data/RRDataset_original_train_val/val/ai/Political_&_Social_Events_000829.png,fake,original,1024,1024,False
data/RRDataset_original_train_val/val/ai/Medical_&_Public_Health_000411.png,fake,original,512,512,False
data/RRDataset_original_train_val/val/ai/War_&_Conflict_Scenes_000962.png,fake,original,1024,1024,False
data/RRDataset_original_train_val/val/ai/War_&_Conflict_Scenes_000431.png,fake,original,512,512,False
data/RRDataset_original_train_val/val/ai/Natural_Disasters_&_Accidents_000023.png,fake,original,512,512,False
data/RRDataset_original_train_val/val/ai/War_&_Conflict_Scenes_000964.png,fake,original,1024,1024,False
data/RRDataset_original_train_val/val/ai/Political_&_Social_Events_000649.png,fake,original,1024,1024,False
data/RRDataset_original_train_val/val/ai/Culture_&_Religion_000241.png,fake,original,512,512,False
data/RRDataset_original_train_val/val/ai/Political_&_Social_Events_000460.png,fake,original,512,512,False
data/RRDataset_original_train_val/val/ai/Culture_&_Religion_000341.png,fake,original,512,512,False
data/RRDataset_original_train_val/val/ai/Political_&_Social_Events_000575.png,fake,original,1024,1024,False
data/RRDataset_original_train_val/val/ai/normal_007964.png,fake,original,256,256,False
data/RRDataset_original_train_val/val/ai/War_&_Conflict_Scenes_000795.png,fake,original,1024,1024,False
data/RRDataset_original_train_val/val/ai/production_000674.png,fake,original,1024,1024,False
data/RRDataset_original_train_val/val/ai/normal_007437.png,fake,original,256,256,False
data/RRDataset_original_train_val/val/ai/Medical_&_Public_Health_000221.png,fake,original,512,512,False
data/RRDataset_original_train_val/val/ai/Political_&_Social_Events_000838.png,fake,original,1024,1024,False
data/RRDataset_original_train_val/val/ai/normal_006219.jpg,fake,original,512,768,False
data/RRDataset_original_train_val/val/ai/normal_006042.jpg,fake,original,512,768,False
data/RRDataset_original_train_val/val/ai/Natural_Disasters_&_Accidents_000345.png,fake,original,512,512,False
data/RRDataset_original_train_val/val/ai/Medical_&_Public_Health_000904.png,fake,original,1024,1024,False
data/RRDataset_original_train_val/val/ai/Medical_&_Public_Health_000764.png,fake,original,1024,1024,False
data/RRDataset_original_train_val/val/ai/normal_008277.png,fake,original,1024,1024,False
data/RRDataset_original_train_val/val/ai/Medical_&_Public_Health_000566.png,fake,original,1024,1024,False
data/RRDataset_original_train_val/val/ai/normal_009144.png,fake,original,512,512,False
data/RRDataset_original_train_val/val/ai/War_&_Conflict_Scenes_000003.png,fake,original,512,512,False
data/RRDataset_original_train_val/val/ai/Medical_&_Public_Health_000636.png,fake,original,1024,1024,False
data/RRDataset_original_train_val/val/ai/normal_008160.png,fake,original,1024,1024,False
data/RRDataset_original_train_val/val/ai/Political_&_Social_Events_000826.png,fake,original,1024,1024,False
data/RRDataset_original_train_val/val/ai/production_000916.png,fake,original,1024,1024,False
data/RRDataset_original_train_val/val/ai/Political_&_Social_Events_000079.png,fake,original,512,512,False
data/RRDataset_original_train_val/val/ai/normal_009406.png,fake,original,512,512,False
data/RRDataset_original_train_val/val/ai/War_&_Conflict_Scenes_000126.png,fake,original,512,512,False
data/RRDataset_original_train_val/val/ai/War_&_Conflict_Scenes_000653.png,fake,original,1024,1024,False
data/RRDataset_original_train_val/val/ai/Culture_&_Religion_000364.png,fake,original,512,512,False
data/RRDataset_original_train_val/val/ai/Medical_&_Public_Health_000380.png,fake,original,512,512,False
data/RRDataset_original_train_val/val/ai/Political_&_Social_Events_000760.png,fake,original,1024,1024,False
data/RRDataset_original_train_val/val/ai/normal_006719.jpg,fake,original,450,750,False
data/RRDataset_original_train_val/val/ai/normal_007241.png,fake,original,256,256,False
data/RRDataset_original_train_val/val/ai/normal_009688.png,fake,original,256,256,False
data/RRDataset_original_train_val/val/ai/production_000627.png,fake,original,1024,1024,False
data/RRDataset_original_train_val/val/ai/Natural_Disasters_&_Accidents_000517.png,fake,original,1024,1024,False
data/RRDataset_original_train_val/val/ai/Natural_Disasters_&_Accidents_000756.png,fake,original,1024,1024,False
data/RRDataset_original_train_val/val/ai/Natural_Disasters_&_Accidents_000086.png,fake,original,512,512,False
data/RRDataset_original_train_val/val/ai/normal_007597.png,fake,original,256,256,False
data/RRDataset_original_train_val/val/ai/normal_009949.png,fake,original,256,256,False
data/RRDataset_original_train_val/val/ai/normal_007445.png,fake,original,256,256,False
data/RRDataset_original_train_val/val/ai/normal_008193.png,fake,original,1024,1024,False
data/RRDataset_original_train_val/val/ai/Culture_&_Religion_000516.png,fake,original,1024,1024,False
data/RRDataset_original_train_val/val/ai/Culture_&_Religion_000027.png,fake,original,512,512,False
data/RRDataset_original_train_val/val/ai/normal_006181.jpg,fake,original,450,800,False
data/RRDataset_original_train_val/val/ai/normal_007782.png,fake,original,256,256,False
data/RRDataset_original_train_val/val/ai/normal_006637.jpg,fake,original,450,675,False
data/RRDataset_original_train_val/val/ai/Political_&_Social_Events_000248.png,fake,original,512,512,False
data/RRDataset_original_train_val/val/ai/Culture_&_Religion_000908.png,fake,original,1024,1024,False
data/RRDataset_original_train_val/val/ai/normal_008696.png,fake,original,256,256,False
data/RRDataset_original_train_val/val/ai/normal_007820.png,fake,original,256,256,False
data/RRDataset_original_train_val/val/ai/Political_&_Social_Events_000648.png,fake,original,1024,1024,False
data/RRDataset_original_train_val/val/ai/Medical_&_Public_Health_000474.png,fake,original,512,512,False
data/RRDataset_original_train_val/val/ai/Political_&_Social_Events_000147.png,fake,original,512,512,False
data/RRDataset_original_train_val/val/ai/normal_009604.png,fake,original,512,512,False
data/RRDataset_original_train_val/val/ai/normal_008120.png,fake,original,1024,1024,False
data/RRDataset_original_train_val/val/ai/normal_006301.jpg,fake,original,450,720,False
data/RRDataset_original_train_val/val/ai/Political_&_Social_Events_000836.png,fake,original,1024,1024,False
data/RRDataset_original_train_val/val/ai/Natural_Disasters_&_Accidents_000928.png,fake,original,1024,1024,False
data/RRDataset_original_train_val/val/ai/Culture_&_Religion_000862.png,fake,original,1024,1024,False
data/RRDataset_original_train_val/val/ai/Natural_Disasters_&_Accidents_000678.png,fake,original,1024,1024,False
data/RRDataset_original_train_val/val/ai/Medical_&_Public_Health_000079.png,fake,original,512,512,False
data/RRDataset_original_train_val/val/ai/War_&_Conflict_Scenes_000634.png,fake,original,1024,1024,False
data/RRDataset_original_train_val/val/ai/Culture_&_Religion_000557.png,fake,original,1024,1024,False
data/RRDataset_original_train_val/val/ai/Natural_Disasters_&_Accidents_000589.png,fake,original,1024,1024,False
data/RRDataset_original_train_val/val/ai/normal_007171.png,fake,original,256,256,False
data/RRDataset_original_train_val/val/ai/Culture_&_Religion_000873.png,fake,original,1024,1024,False
data/RRDataset_original_train_val/val/ai/Medical_&_Public_Health_000253.png,fake,original,512,512,False
data/RRDataset_original_train_val/val/ai/normal_009956.png,fake,original,256,256,False
data/RRDataset_original_train_val/val/ai/normal_008263.png,fake,original,1024,1024,False
data/RRDataset_original_train_val/val/ai/normal_006426.jpg,fake,original,764,1019,False
data/RRDataset_original_train_val/val/ai/normal_009697.png,fake,original,256,256,False
data/RRDataset_original_train_val/val/ai/Political_&_Social_Events_000775.png,fake,original,1024,1024,False
data/RRDataset_original_train_val/val/ai/normal_008200.png,fake,original,1024,1024,False
data/RRDataset_original_train_val/val/ai/normal_008213.png,fake,original,1024,1024,False
data/RRDataset_original_train_val/val/ai/Natural_Disasters_&_Accidents_000874.png,fake,original,1024,1024,False
data/RRDataset_original_train_val/val/ai/production_000432.png,fake,original,512,512,False
data/RRDataset_original_train_val/val/ai/Natural_Disasters_&_Accidents_000225.png,fake,original,512,512,False
data/RRDataset_original_train_val/val/ai/normal_007698.png,fake,original,256,256,False
data/RRDataset_original_train_val/val/ai/normal_008723.png,fake,original,256,256,False
data/RRDataset_original_train_val/val/ai/Political_&_Social_Events_000408.png,fake,original,512,512,False
data/RRDataset_original_train_val/val/ai/normal_007175.png,fake,original,256,256,False
data/RRDataset_original_train_val/val/ai/normal_006769.jpg,fake,original,764,1146,False
data/RRDataset_original_train_val/val/ai/Culture_&_Religion_000083.png,fake,original,512,512,False
data/RRDataset_original_train_val/val/ai/normal_006233.jpg,fake,original,450,270,False
data/RRDataset_original_train_val/val/ai/production_000188.png,fake,original,512,512,False
data/RRDataset_original_train_val/val/ai/Medical_&_Public_Health_000931.png,fake,original,1024,1024,False
data/RRDataset_original_train_val/val/ai/Political_&_Social_Events_000978.png,fake,original,1024,1024,False
data/RRDataset_original_train_val/val/ai/production_000505.png,fake,original,1024,1024,False
data/RRDataset_original_train_val/val/ai/Medical_&_Public_Health_000284.png,fake,original,512,512,False
data/RRDataset_original_train_val/val/ai/War_&_Conflict_Scenes_000038.png,fake,original,512,512,False
data/RRDataset_original_train_val/val/ai/War_&_Conflict_Scenes_000977.png,fake,original,1024,1024,False
data/RRDataset_original_train_val/val/ai/normal_009095.png,fake,original,256,256,False
data/RRDataset_original_train_val/val/ai/normal_009600.png,fake,original,256,256,False
data/RRDataset_original_train_val/val/ai/normal_007582.png,fake,original,256,256,False
data/RRDataset_original_train_val/val/ai/normal_009680.png,fake,original,256,256,False
data/RRDataset_original_train_val/val/ai/normal_006502.jpg,fake,original,764,573,False
data/RRDataset_original_train_val/val/ai/Medical_&_Public_Health_000870.png,fake,original,1024,1024,False
data/RRDataset_original_train_val/val/ai/War_&_Conflict_Scenes_000535.png,fake,original,1024,1024,False
data/RRDataset_original_train_val/val/ai/Political_&_Social_Events_000401.png,fake,original,512,512,False
data/RRDataset_original_train_val/val/ai/Culture_&_Religion_000759.png,fake,original,1024,1024,False
data/RRDataset_original_train_val/val/ai/War_&_Conflict_Scenes_000662.png,fake,original,1024,1024,False
data/RRDataset_original_train_val/val/ai/Medical_&_Public_Health_000740.png,fake,original,1024,1024,False
data/RRDataset_original_train_val/val/ai/Culture_&_Religion_000644.png,fake,original,1024,1024,False
data/RRDataset_original_train_val/val/ai/normal_009170.png,fake,original,256,256,False
data/RRDataset_original_train_val/val/ai/Natural_Disasters_&_Accidents_000894.png,fake,original,1024,1024,False
data/RRDataset_original_train_val/val/ai/production_000536.png,fake,original,1024,1024,False
data/RRDataset_original_train_val/val/ai/Political_&_Social_Events_000361.png,fake,original,512,512,False
data/RRDataset_original_train_val/val/ai/normal_008363.png,fake,original,1024,1024,False
data/RRDataset_original_train_val/val/ai/production_000545.png,fake,original,1024,1024,False
data/RRDataset_original_train_val/val/ai/production_000084.png,fake,original,512,512,False
data/RRDataset_original_train_val/val/ai/normal_006841.jpg,fake,original,764,1146,False
data/RRDataset_original_train_val/val/ai/normal_009079.png,fake,original,256,256,False
data/RRDataset_original_train_val/val/ai/War_&_Conflict_Scenes_000584.png,fake,original,1024,1024,False
data/RRDataset_original_train_val/val/ai/War_&_Conflict_Scenes_000727.png,fake,original,1024,1024,False
data/RRDataset_original_train_val/val/ai/Medical_&_Public_Health_000559.png,fake,original,1024,1024,False
data/RRDataset_original_train_val/val/ai/Natural_Disasters_&_Accidents_000822.png,fake,original,1024,1024,False
data/RRDataset_original_train_val/val/ai/Natural_Disasters_&_Accidents_000314.png,fake,original,512,512,False
data/RRDataset_original_train_val/val/ai/normal_008461.png,fake,original,1024,1024,False
data/RRDataset_original_train_val/val/ai/War_&_Conflict_Scenes_000623.png,fake,original,1024,1024,False
data/RRDataset_original_train_val/val/ai/normal_006469.jpg,fake,original,450,681,False
data/RRDataset_original_train_val/val/ai/War_&_Conflict_Scenes_000082.png,fake,original,512,512,False
data/RRDataset_original_train_val/val/ai/production_000073.png,fake,original,512,512,False
data/RRDataset_original_train_val/val/ai/normal_008463.png,fake,original,1024,1024,False
data/RRDataset_original_train_val/val/ai/normal_009347.png,fake,original,512,512,False
data/RRDataset_original_train_val/val/ai/normal_006635.jpg,fake,original,1280,1920,False
data/RRDataset_original_train_val/val/ai/Medical_&_Public_Health_000022.png,fake,original,512,512,False
data/RRDataset_original_train_val/val/ai/normal_008481.png,fake,original,1024,1024,False
data/RRDataset_original_train_val/val/ai/Culture_&_Religion_000969.png,fake,original,1024,1024,False
data/RRDataset_original_train_val/val/ai/Political_&_Social_Events_000753.png,fake,original,1024,1024,False
data/RRDataset_original_train_val/val/ai/Culture_&_Religion_000082.png,fake,original,512,512,False
data/RRDataset_original_train_val/val/ai/normal_007459.png,fake,original,256,256,False
data/RRDataset_original_train_val/val/ai/Medical_&_Public_Health_000195.png,fake,original,512,512,False
data/RRDataset_original_train_val/val/ai/Medical_&_Public_Health_000275.png,fake,original,512,512,False
data/RRDataset_original_train_val/val/ai/War_&_Conflict_Scenes_000742.png,fake,original,1024,1024,False
data/RRDataset_original_train_val/val/ai/normal_008725.png,fake,original,256,256,False
data/RRDataset_original_train_val/val/ai/normal_007796.png,fake,original,256,256,False
data/RRDataset_original_train_val/val/ai/production_000853.png,fake,original,1024,1024,False
data/RRDataset_original_train_val/val/ai/Medical_&_Public_Health_000197.png,fake,original,512,512,False
data/RRDataset_original_train_val/val/ai/production_000935.png,fake,original,1024,1024,False
data/RRDataset_original_train_val/val/ai/War_&_Conflict_Scenes_000542.png,fake,original,1024,1024,False
data/RRDataset_original_train_val/val/ai/normal_009022.png,fake,original,256,256,False
data/RRDataset_original_train_val/val/ai/normal_006915.jpg,fake,original,764,1019,False
data/RRDataset_original_train_val/val/ai/Medical_&_Public_Health_000300.png,fake,original,512,512,False
data/RRDataset_original_train_val/val/ai/normal_009365.png,fake,original,512,512,False
data/RRDataset_original_train_val/val/ai/normal_008792.png,fake,original,256,256,False
data/RRDataset_original_train_val/val/ai/normal_008761.png,fake,original,256,256,False
data/RRDataset_original_train_val/val/ai/production_000816.png,fake,original,1024,1024,False
data/RRDataset_original_train_val/val/ai/production_000443.png,fake,original,512,512,False
data/RRDataset_original_train_val/val/ai/normal_008078.png,fake,original,1024,1024,False
data/RRDataset_original_train_val/val/ai/normal_009438.png,fake,original,512,512,False
data/RRDataset_original_train_val/val/ai/normal_008621.png,fake,original,256,256,False
data/RRDataset_original_train_val/val/ai/Culture_&_Religion_000833.png,fake,original,1024,1024,False
data/RRDataset_original_train_val/val/ai/Natural_Disasters_&_Accidents_000559.png,fake,original,1024,1024,False
data/RRDataset_original_train_val/val/ai/Culture_&_Religion_000348.png,fake,original,512,512,False
data/RRDataset_original_train_val/val/ai/normal_007562.png,fake,original,256,256,False
data/RRDataset_original_train_val/val/ai/production_000267.png,fake,original,512,512,False
data/RRDataset_original_train_val/val/ai/production_000406.png,fake,original,512,512,False
data/RRDataset_original_train_val/val/ai/production_000952.png,fake,original,1024,1024,False
data/RRDataset_original_train_val/val/ai/production_000216.png,fake,original,512,512,False
data/RRDataset_original_train_val/val/ai/Culture_&_Religion_000384.png,fake,original,512,512,False
data/RRDataset_original_train_val/val/ai/normal_007885.png,fake,original,256,256,False
data/RRDataset_original_train_val/val/ai/normal_008474.png,fake,original,1024,1024,False
data/RRDataset_original_train_val/val/ai/War_&_Conflict_Scenes_000602.png,fake,original,1024,1024,False
data/RRDataset_original_train_val/val/ai/normal_009065.png,fake,original,256,256,False
data/RRDataset_original_train_val/val/ai/Natural_Disasters_&_Accidents_000642.png,fake,original,1024,1024,False
data/RRDataset_original_train_val/val/ai/normal_008558.png,fake,original,1024,1024,False
data/RRDataset_original_train_val/val/ai/normal_008864.png,fake,original,256,256,False
data/RRDataset_original_train_val/val/ai/Medical_&_Public_Health_000666.png,fake,original,1024,1024,False
data/RRDataset_original_train_val/val/ai/Medical_&_Public_Health_000784.png,fake,original,1024,1024,False
data/RRDataset_original_train_val/val/ai/production_000385.png,fake,original,512,512,False
data/RRDataset_original_train_val/val/ai/Political_&_Social_Events_000055.png,fake,original,512,512,False
data/RRDataset_original_train_val/val/ai/normal_006474.jpg,fake,original,764,1270,False
data/RRDataset_original_train_val/val/ai/Medical_&_Public_Health_000759.png,fake,original,1024,1024,False
data/RRDataset_original_train_val/val/ai/normal_006885.jpg,fake,original,450,560,False
data/RRDataset_original_train_val/val/ai/War_&_Conflict_Scenes_000757.png,fake,original,1024,1024,False
data/RRDataset_original_train_val/val/ai/Medical_&_Public_Health_000267.png,fake,original,512,512,False
data/RRDataset_original_train_val/val/ai/normal_007392.png,fake,original,256,256,False
data/RRDataset_original_train_val/val/ai/Political_&_Social_Events_000456.png,fake,original,512,512,False
data/RRDataset_original_train_val/val/ai/Political_&_Social_Events_000380.png,fake,original,512,512,False
data/RRDataset_original_train_val/val/ai/War_&_Conflict_Scenes_000391.png,fake,original,512,512,False
data/RRDataset_original_train_val/val/ai/normal_006569.jpg,fake,original,450,450,False
data/RRDataset_original_train_val/val/ai/Natural_Disasters_&_Accidents_000900.png,fake,original,1024,1024,False
data/RRDataset_original_train_val/val/ai/Culture_&_Religion_000385.png,fake,original,512,512,False
data/RRDataset_original_train_val/val/ai/normal_006088.jpg,fake,original,720,1280,False
data/RRDataset_original_train_val/val/ai/War_&_Conflict_Scenes_000825.png,fake,original,1024,1024,False
data/RRDataset_original_train_val/val/ai/Medical_&_Public_Health_000742.png,fake,original,1024,1024,False
data/RRDataset_original_train_val/val/ai/Medical_&_Public_Health_000123.png,fake,original,512,512,False
data/RRDataset_original_train_val/val/ai/normal_009454.png,fake,original,256,256,False
data/RRDataset_original_train_val/val/ai/Culture_&_Religion_000157.png,fake,original,512,512,False
data/RRDataset_original_train_val/val/ai/normal_007179.png,fake,original,256,256,False
data/RRDataset_original_train_val/val/ai/War_&_Conflict_Scenes_000285.png,fake,original,512,512,False
data/RRDataset_original_train_val/val/ai/normal_009939.png,fake,original,256,256,False
data/RRDataset_original_train_val/val/ai/production_000286.png,fake,original,512,512,False
data/RRDataset_original_train_val/val/ai/Natural_Disasters_&_Accidents_000627.png,fake,original,1024,1024,False
data/RRDataset_original_train_val/val/ai/Medical_&_Public_Health_000357.png,fake,original,512,512,False
data/RRDataset_original_train_val/val/ai/Political_&_Social_Events_000737.png,fake,original,1024,1024,False
data/RRDataset_original_train_val/val/ai/normal_007993.png,fake,original,1024,1024,False
data/RRDataset_original_train_val/val/ai/production_000059.png,fake,original,512,512,False
data/RRDataset_original_train_val/val/ai/Culture_&_Religion_000481.png,fake,original,512,512,False
data/RRDataset_original_train_val/val/ai/production_000260.png,fake,original,512,512,False
data/RRDataset_original_train_val/val/ai/production_000183.png,fake,original,512,512,False
data/RRDataset_original_train_val/val/ai/normal_009062.png,fake,original,256,256,False
data/RRDataset_original_train_val/val/ai/Culture_&_Religion_000167.png,fake,original,512,512,False
data/RRDataset_original_train_val/val/ai/Culture_&_Religion_000063.png,fake,original,512,512,False
data/RRDataset_original_train_val/val/ai/Natural_Disasters_&_Accidents_000153.png,fake,original,512,512,False
data/RRDataset_original_train_val/val/ai/Culture_&_Religion_000117.png,fake,original,512,512,False
data/RRDataset_original_train_val/val/ai/Medical_&_Public_Health_000274.png,fake,original,512,512,False
data/RRDataset_original_train_val/val/ai/Culture_&_Religion_000537.png,fake,original,1024,1024,False
data/RRDataset_original_train_val/val/ai/Culture_&_Religion_000832.png,fake,original,1024,1024,False
data/RRDataset_original_train_val/val/ai/normal_009199.png,fake,original,256,256,False
data/RRDataset_original_train_val/val/ai/normal_007380.png,fake,original,256,256,False
data/RRDataset_original_train_val/val/ai/normal_009247.png,fake,original,256,256,False
data/RRDataset_original_train_val/val/ai/normal_006849.jpg,fake,original,450,675,False
data/RRDataset_original_train_val/val/ai/Natural_Disasters_&_Accidents_000904.png,fake,original,1024,1024,False
data/RRDataset_original_train_val/val/ai/War_&_Conflict_Scenes_000053.png,fake,original,512,512,False
data/RRDataset_original_train_val/val/ai/normal_009121.png,fake,original,256,256,False
data/RRDataset_original_train_val/val/ai/normal_008580.png,fake,original,1024,1024,False
data/RRDataset_original_train_val/val/ai/normal_007140.png,fake,original,256,256,False
data/RRDataset_original_train_val/val/ai/Medical_&_Public_Health_000815.png,fake,original,1024,1024,False
data/RRDataset_original_train_val/val/ai/Natural_Disasters_&_Accidents_000125.png,fake,original,512,512,False
data/RRDataset_original_train_val/val/ai/Medical_&_Public_Health_000699.png,fake,original,1024,1024,False
data/RRDataset_original_train_val/val/ai/Natural_Disasters_&_Accidents_000135.png,fake,original,512,512,False
data/RRDataset_original_train_val/val/ai/normal_009115.png,fake,original,512,512,False
data/RRDataset_original_train_val/val/ai/normal_009900.png,fake,original,512,512,False
data/RRDataset_original_train_val/val/ai/normal_007875.png,fake,original,256,256,False
data/RRDataset_original_train_val/val/ai/Political_&_Social_Events_000942.png,fake,original,1024,1024,False
data/RRDataset_original_train_val/val/ai/Medical_&_Public_Health_000261.png,fake,original,512,512,False
data/RRDataset_original_train_val/val/ai/normal_007805.png,fake,original,256,256,False
data/RRDataset_original_train_val/val/ai/Natural_Disasters_&_Accidents_000548.png,fake,original,1024,1024,False
data/RRDataset_original_train_val/val/ai/normal_006074.jpg,fake,original,450,675,False
data/RRDataset_original_train_val/val/ai/Culture_&_Religion_000653.png,fake,original,1024,1024,False
data/RRDataset_original_train_val/val/ai/Culture_&_Religion_000966.png,fake,original,1024,1024,False
data/RRDataset_original_train_val/val/ai/normal_006436.jpg,fake,original,450,675,False
data/RRDataset_original_train_val/val/ai/Medical_&_Public_Health_000961.png,fake,original,1024,1024,False
data/RRDataset_original_train_val/val/ai/normal_009263.png,fake,original,512,512,False
data/RRDataset_original_train_val/val/ai/Medical_&_Public_Health_000594.png,fake,original,1024,1024,False
data/RRDataset_original_train_val/val/ai/Culture_&_Religion_000916.png,fake,original,1024,1024,False
data/RRDataset_original_train_val/val/ai/normal_009332.png,fake,original,256,256,False
data/RRDataset_original_train_val/val/ai/Culture_&_Religion_000021.png,fake,original,512,512,False
data/RRDataset_original_train_val/val/real/real_008649.jpg,real,original,512,512,False
data/RRDataset_original_train_val/val/real/real_008248.jpg,real,original,5616,3744,False
data/RRDataset_original_train_val/val/real/real_007627.jpg,real,original,720,960,False
data/RRDataset_original_train_val/val/real/real_001247.jpg,real,original,1080,1080,False
data/RRDataset_original_train_val/val/real/real_007697.jpg,real,original,1200,900,False
data/RRDataset_original_train_val/val/real/real_004584.jpg,real,original,1024,683,False
data/RRDataset_original_train_val/val/real/real_003832.jpg,real,original,1024,683,False
data/RRDataset_original_train_val/val/real/real_000138.jpg,real,original,1440,962,False
data/RRDataset_original_train_val/val/real/real_009251.jpg,real,original,512,512,False
data/RRDataset_original_train_val/val/real/real_007210.jpg,real,original,1800,1200,False
data/RRDataset_original_train_val/val/real/real_006438.jpg,real,original,1159,1500,False
data/RRDataset_original_train_val/val/real/real_009336.jpg,real,original,512,512,False
data/RRDataset_original_train_val/val/real/real_007572.jpg,real,original,1600,1094,False
data/RRDataset_original_train_val/val/real/real_004437.jpg,real,original,1024,682,False
data/RRDataset_original_train_val/val/real/real_006518.jpg,real,original,1100,1500,False
data/RRDataset_original_train_val/val/real/real_003382.jpg,real,original,1024,621,False
data/RRDataset_original_train_val/val/real/real_001842.jpg,real,original,1357,907,False
data/RRDataset_original_train_val/val/real/real_005141.jpg,real,original,838,1024,False
data/RRDataset_original_train_val/val/real/real_004468.jpg,real,original,1000,666,False
data/RRDataset_original_train_val/val/real/real_002896.jpg,real,original,939,704,False
data/RRDataset_original_train_val/val/real/real_003971.jpg,real,original,1024,683,False
data/RRDataset_original_train_val/val/real/real_003072.jpg,real,original,1056,704,False
data/RRDataset_original_train_val/val/real/real_000960.jpg,real,original,1029,1029,False
data/RRDataset_original_train_val/val/real/real_000339.jpg,real,original,1440,960,False
data/RRDataset_original_train_val/val/real/real_007310.jpg,real,original,1460,971,False
data/RRDataset_original_train_val/val/real/real_009443.jpg,real,original,512,512,False
data/RRDataset_original_train_val/val/real/real_005123.jpg,real,original,1024,1024,False
data/RRDataset_original_train_val/val/real/real_000333.jpg,real,original,1440,961,False
data/RRDataset_original_train_val/val/real/real_004264.jpg,real,original,1024,1024,False
data/RRDataset_original_train_val/val/real/real_004348.jpg,real,original,1024,683,False
data/RRDataset_original_train_val/val/real/real_004680.jpg,real,original,512,768,False
data/RRDataset_original_train_val/val/real/real_003493.jpg,real,original,1024,641,False
data/RRDataset_original_train_val/val/real/real_002644.jpg,real,original,1440,1016,False
data/RRDataset_original_train_val/val/real/real_002289.jpg,real,original,1440,959,False
data/RRDataset_original_train_val/val/real/real_000004.png,real,original,1853,1237,False
data/RRDataset_original_train_val/val/real/real_001364.jpg,real,original,1080,1075,False
data/RRDataset_original_train_val/val/real/real_003000.jpg,real,original,1058,704,False
data/RRDataset_original_train_val/val/real/real_009542.jpg,real,original,512,512,False
data/RRDataset_original_train_val/val/real/real_004744.jpg,real,original,683,1024,False
data/RRDataset_original_train_val/val/real/real_003010.jpg,real,original,1058,704,False
data/RRDataset_original_train_val/val/real/real_000979.jpg,real,original,1080,1080,False
data/RRDataset_original_train_val/val/real/real_009354.jpg,real,original,512,512,False
data/RRDataset_original_train_val/val/real/real_002355.jpg,real,original,1440,969,False
data/RRDataset_original_train_val/val/real/real_007003.jpg,real,original,2048,1365,False
data/RRDataset_original_train_val/val/real/real_009775.jpg,real,original,500,281,False
data/RRDataset_original_train_val/val/real/real_001185.jpg,real,original,1080,1080,False
data/RRDataset_original_train_val/val/real/real_005281.jpg,real,original,1024,683,False
data/RRDataset_original_train_val/val/real/real_006196.jpg,real,original,939,704,False
data/RRDataset_original_train_val/val/real/real_003692.jpg,real,original,1023,1024,False
data/RRDataset_original_train_val/val/real/real_003219.jpg,real,original,1498,1000,False
data/RRDataset_original_train_val/val/real/real_006739.jpg,real,original,640,800,False
data/RRDataset_original_train_val/val/real/real_003888.jpg,real,original,1024,1024,False
data/RRDataset_original_train_val/val/real/real_007641.jpg,real,original,1920,1080,False
data/RRDataset_original_train_val/val/real/real_001415.jpg,real,original,758,506,False
data/RRDataset_original_train_val/val/real/real_002600.jpg,real,original,1440,969,False
data/RRDataset_original_train_val/val/real/real_007345.jpg,real,original,2000,1331,False
data/RRDataset_original_train_val/val/real/real_004600.jpg,real,original,1024,683,False
data/RRDataset_original_train_val/val/real/real_008948.jpg,real,original,512,512,False
data/RRDataset_original_train_val/val/real/real_001543.jpg,real,original,1440,1440,False
data/RRDataset_original_train_val/val/real/real_003196.jpg,real,original,1498,1000,False
data/RRDataset_original_train_val/val/real/real_000637.jpg,real,original,1440,961,False
data/RRDataset_original_train_val/val/real/real_007052.jpg,real,original,2048,1365,False
data/RRDataset_original_train_val/val/real/real_008744.jpg,real,original,512,512,False
data/RRDataset_original_train_val/val/real/real_005089.jpg,real,original,683,1024,False
data/RRDataset_original_train_val/val/real/real_005748.jpg,real,original,1024,683,False
data/RRDataset_original_train_val/val/real/real_008421.jpg,real,original,2592,1944,False
data/RRDataset_original_train_val/val/real/real_009939.jpg,real,original,500,281,False
data/RRDataset_original_train_val/val/real/real_006607.jpg,real,original,1159,1500,False
data/RRDataset_original_train_val/val/real/real_001670.jpg,real,original,1440,1800,False
data/RRDataset_original_train_val/val/real/real_003412.jpg,real,original,1024,683,False
data/RRDataset_original_train_val/val/real/real_004978.jpg,real,original,1024,735,False
data/RRDataset_original_train_val/val/real/real_008014.jpg,real,original,3992,2992,False
data/RRDataset_original_train_val/val/real/real_003925.jpg,real,original,1024,683,False
data/RRDataset_original_train_val/val/real/real_003060.jpg,real,original,1056,704,False
data/RRDataset_original_train_val/val/real/real_006066.jpg,real,original,800,800,False
data/RRDataset_original_train_val/val/real/real_006234.jpg,real,original,856,704,False
data/RRDataset_original_train_val/val/real/real_000484.jpg,real,original,1440,961,False
data/RRDataset_original_train_val/val/real/real_007666.jpg,real,original,900,600,False
data/RRDataset_original_train_val/val/real/real_008621.jpg,real,original,512,512,False
data/RRDataset_original_train_val/val/real/real_005570.jpg,real,original,1024,683,False
data/RRDataset_original_train_val/val/real/real_003952.jpg,real,original,2000,1333,False
data/RRDataset_original_train_val/val/real/real_003915.jpg,real,original,1024,683,False
data/RRDataset_original_train_val/val/real/real_001417.jpg,real,original,758,506,False
data/RRDataset_original_train_val/val/real/real_003754.jpg,real,original,1024,1024,False
data/RRDataset_original_train_val/val/real/real_004868.jpg,real,original,1024,683,False
data/RRDataset_original_train_val/val/real/real_004824.jpg,real,original,1024,1024,False
data/RRDataset_original_train_val/val/real/real_002361.jpg,real,original,1440,1002,False
data/RRDataset_original_train_val/val/real/real_009745.jpg,real,original,500,750,False
data/RRDataset_original_train_val/val/real/real_006072.jpg,real,original,1024,1024,False
data/RRDataset_original_train_val/val/real/real_004188.jpg,real,original,1024,683,False
data/RRDataset_original_train_val/val/real/real_003714.jpg,real,original,1024,683,False
data/RRDataset_original_train_val/val/real/real_008342.jpg,real,original,7744,5184,False
data/RRDataset_original_train_val/val/real/real_007724.jpg,real,original,960,664,False
data/RRDataset_original_train_val/val/real/real_004946.jpg,real,original,1024,683,False
data/RRDataset_original_train_val/val/real/real_001580.jpg,real,original,1440,962,False
data/RRDataset_original_train_val/val/real/real_005409.jpg,real,original,724,1024,False
data/RRDataset_original_train_val/val/real/real_009560.jpg,real,original,500,774,False
data/RRDataset_original_train_val/val/real/real_007810.jpg,real,original,1818,1228,False
data/RRDataset_original_train_val/val/real/real_005353.jpg,real,original,1024,683,False
data/RRDataset_original_train_val/val/real/real_006730.jpg,real,original,1042,1500,False
data/RRDataset_original_train_val/val/real/real_003300.jpg,real,original,1024,683,False
data/RRDataset_original_train_val/val/real/real_006163.jpg,real,original,1024,683,False
data/RRDataset_original_train_val/val/real/real_005074.jpg,real,original,1024,683,False
data/RRDataset_original_train_val/val/real/real_007043.jpg,real,original,2299,1533,False
data/RRDataset_original_train_val/val/real/real_007362.jpg,real,original,1728,1152,False
data/RRDataset_original_train_val/val/real/real_009371.jpg,real,original,512,512,False
data/RRDataset_original_train_val/val/real/real_007487.jpg,real,original,1500,1000,False
data/RRDataset_original_train_val/val/real/real_008921.jpg,real,original,512,512,False
data/RRDataset_original_train_val/val/real/real_005361.jpg,real,original,1024,678,False
data/RRDataset_original_train_val/val/real/real_004337.jpg,real,original,1024,683,False
data/RRDataset_original_train_val/val/real/real_008083.jpg,real,original,4096,4096,False
data/RRDataset_original_train_val/val/real/real_003164.jpg,real,original,1251,1000,False
data/RRDataset_original_train_val/val/real/real_002428.jpg,real,original,1440,948,False
data/RRDataset_original_train_val/val/real/real_009595.jpg,real,original,500,333,False
data/RRDataset_original_train_val/val/real/real_001418.jpg,real,original,758,506,False
data/RRDataset_original_train_val/val/real/real_005311.jpg,real,original,1024,683,False
data/RRDataset_original_train_val/val/real/real_005234.jpg,real,original,1024,683,False
data/RRDataset_original_train_val/val/real/real_009972.jpg,real,original,500,357,False
data/RRDataset_original_train_val/val/real/real_000671.jpg,real,original,640,640,False
data/RRDataset_original_train_val/val/real/real_005662.jpg,real,original,1024,683,False
data/RRDataset_original_train_val/val/real/real_006329.jpg,real,original,2705,3500,False
data/RRDataset_original_train_val/val/real/real_001633.jpg,real,original,1080,720,False
data/RRDataset_original_train_val/val/real/real_007228.jpg,real,original,1200,941,False
data/RRDataset_original_train_val/val/real/real_004780.jpg,real,original,1024,678,False
data/RRDataset_original_train_val/val/real/real_004101.jpg,real,original,1024,683,False
data/RRDataset_original_train_val/val/real/real_001276.jpg,real,original,640,640,False
data/RRDataset_original_train_val/val/real/real_002574.jpg,real,original,1440,960,False
data/RRDataset_original_train_val/val/real/real_005718.jpg,real,original,1024,1024,False
data/RRDataset_original_train_val/val/real/real_006513.jpg,real,original,1500,1000,False
data/RRDataset_original_train_val/val/real/real_001829.jpg,real,original,1440,990,False
data/RRDataset_original_train_val/val/real/real_003445.jpg,real,original,1024,1024,False
data/RRDataset_original_train_val/val/real/real_005529.jpg,real,original,1024,683,False
data/RRDataset_original_train_val/val/real/real_006665.jpg,real,original,1159,1500,False
data/RRDataset_original_train_val/val/real/real_000686.jpg,real,original,640,640,False
data/RRDataset_original_train_val/val/real/real_004053.jpg,real,original,1024,683,False
data/RRDataset_original_train_val/val/real/real_004257.jpg,real,original,1024,731,False
data/RRDataset_original_train_val/val/real/real_003566.jpg,real,original,1024,683,False
data/RRDataset_original_train_val/val/real/real_004290.jpg,real,original,1024,683,False
data/RRDataset_original_train_val/val/real/real_002140.jpg,real,original,1080,748,False
data/RRDataset_original_train_val/val/real/real_002754.jpg,real,original,1440,960,False
data/RRDataset_original_train_val/val/real/real_008242.jpg,real,original,4704,3188,False
data/RRDataset_original_train_val/val/real/real_001939.jpg,real,original,1080,1080,False
data/RRDataset_original_train_val/val/real/real_003513.jpg,real,original,1024,683,False
data/RRDataset_original_train_val/val/real/real_009361.jpg,real,original,512,512,False
data/RRDataset_original_train_val/val/real/real_008701.jpg,real,original,512,512,False
data/RRDataset_original_train_val/val/real/real_009653.jpg,real,original,500,281,False
data/RRDataset_original_train_val/val/real/real_000022.jpg,real,original,640,640,False
data/RRDataset_original_train_val/val/real/real_000146.jpg,real,original,1440,960,False
data/RRDataset_original_train_val/val/real/real_008869.jpg,real,original,512,512,False
data/RRDataset_original_train_val/val/real/real_008420.jpg,real,original,3456,2304,False
data/RRDataset_original_train_val/val/real/real_001630.jpg,real,original,1440,966,False
data/RRDataset_original_train_val/val/real/real_001722.jpg,real,original,1080,1080,False
data/RRDataset_original_train_val/val/real/real_006104.jpg,real,original,1024,683,False
data/RRDataset_original_train_val/val/real/real_001996.jpg,real,original,1080,1080,False
data/RRDataset_original_train_val/val/real/real_009551.jpg,real,original,500,396,False
data/RRDataset_original_train_val/val/real/real_000062.jpg,real,original,1440,961,False
data/RRDataset_original_train_val/val/real/real_004107.jpg,real,original,1024,683,False
data/RRDataset_original_train_val/val/real/real_007513.jpg,real,original,1350,900,False
data/RRDataset_original_train_val/val/real/real_009518.jpg,real,original,512,512,False
data/RRDataset_original_train_val/val/real/real_004864.jpg,real,original,1024,1024,False
data/RRDataset_original_train_val/val/real/real_009091.jpg,real,original,512,512,False
data/RRDataset_original_train_val/val/real/real_001800.jpg,real,original,1080,1080,False
data/RRDataset_original_train_val/val/real/real_002503.jpg,real,original,640,640,False
data/RRDataset_original_train_val/val/real/real_002946.jpg,real,original,1056,704,False
data/RRDataset_original_train_val/val/real/real_004163.jpg,real,original,1024,683,False
data/RRDataset_original_train_val/val/real/real_002883.jpg,real,original,1056,704,False
data/RRDataset_original_train_val/val/real/real_008889.jpg,real,original,512,512,False
data/RRDataset_original_train_val/val/real/real_004976.jpg,real,original,1024,1024,False
data/RRDataset_original_train_val/val/real/real_003846.jpg,real,original,1024,683,False
data/RRDataset_original_train_val/val/real/real_009592.jpg,real,original,500,333,False
data/RRDataset_original_train_val/val/real/real_002055.jpg,real,original,1080,822,False
data/RRDataset_original_train_val/val/real/real_009147.jpg,real,original,512,512,False
data/RRDataset_original_train_val/val/real/real_001068.jpg,real,original,1080,1080,False
data/RRDataset_original_train_val/val/real/real_008843.jpg,real,original,512,512,False
data/RRDataset_original_train_val/val/real/real_007962.jpg,real,original,6000,4000,False
data/RRDataset_original_train_val/val/real/real_004477.jpg,real,original,1024,1024,False
data/RRDataset_original_train_val/val/real/real_000703.jpg,real,original,640,640,False
data/RRDataset_original_train_val/val/real/real_003178.jpg,real,original,1056,704,False
data/RRDataset_original_train_val/val/real/real_009869.jpg,real,original,500,322,False
data/RRDataset_original_train_val/val/real/real_007348.jpg,real,original,1800,1200,False
data/RRDataset_original_train_val/val/real/real_005844.jpg,real,original,1024,678,False
data/RRDataset_original_train_val/val/real/real_002833.jpg,real,original,1440,1440,False
data/RRDataset_original_train_val/val/real/real_005436.jpg,real,original,1024,683,False
data/RRDataset_original_train_val/val/real/real_007528.jpg,real,original,1770,1180,False
data/RRDataset_original_train_val/val/real/real_002290.jpg,real,original,1440,1033,False
data/RRDataset_original_train_val/val/real/real_002074.jpg,real,original,1080,875,False
data/RRDataset_original_train_val/val/real/real_009086.jpg,real,original,512,512,False
data/RRDataset_original_train_val/val/real/real_009836.jpg,real,original,500,750,False
data/RRDataset_original_train_val/val/real/real_009413.jpg,real,original,512,512,False
data/RRDataset_original_train_val/val/real/real_002167.jpg,real,original,1440,959,False
data/RRDataset_original_train_val/val/real/real_003485.jpg,real,original,1024,732,False
data/RRDataset_original_train_val/val/real/real_000623.jpg,real,original,1440,960,False
data/RRDataset_original_train_val/val/real/real_004449.jpg,real,original,1024,683,False
data/RRDataset_original_train_val/val/real/real_003009.jpg,real,original,1056,704,False
data/RRDataset_original_train_val/val/real/real_002997.jpg,real,original,1058,704,False
data/RRDataset_original_train_val/val/real/real_009640.jpg,real,original,500,750,False
data/RRDataset_original_train_val/val/real/real_004699.jpg,real,original,1024,683,False
data/RRDataset_original_train_val/val/real/real_009149.jpg,real,original,512,512,False
data/RRDataset_original_train_val/val/real/real_003319.jpg,real,original,1024,683,False
data/RRDataset_original_train_val/val/real/real_008262.jpg,real,original,3630,4132,False
data/RRDataset_original_train_val/val/real/real_002652.jpg,real,original,1440,990,False
data/RRDataset_original_train_val/val/real/real_006379.jpg,real,original,3500,2264,False
data/RRDataset_original_train_val/val/real/real_000928.jpg,real,original,1080,1080,False
data/RRDataset_original_train_val/val/real/real_005005.jpg,real,original,1024,683,False
data/RRDataset_original_train_val/val/real/real_005033.jpg,real,original,1024,732,False
data/RRDataset_original_train_val/val/real/real_000404.jpg,real,original,1440,960,False
data/RRDataset_original_train_val/val/real/real_009720.jpg,real,original,500,333,False
data/RRDataset_original_train_val/val/real/real_002382.jpg,real,original,1440,1154,False
data/RRDataset_original_train_val/val/real/real_008452.jpg,real,original,2816,2112,False
data/RRDataset_original_train_val/val/real/real_005499.jpg,real,original,1024,683,False
data/RRDataset_original_train_val/val/real/real_003978.jpg,real,original,1024,683,False
data/RRDataset_original_train_val/val/real/real_007898.jpg,real,original,5650,3767,False
data/RRDataset_original_train_val/val/real/real_009890.jpg,real,original,500,335,False
data/RRDataset_original_train_val/val/real/real_004641.jpg,real,original,1000,667,False
data/RRDataset_original_train_val/val/real/real_002330.jpg,real,original,1440,1064,False
data/RRDataset_original_train_val/val/real/real_001448.jpg,real,original,1440,958,False
data/RRDataset_original_train_val/val/real/real_007777.jpg,real,original,2048,1563,False
data/RRDataset_original_train_val/val/real/real_009227.jpg,real,original,512,512,False
data/RRDataset_original_train_val/val/real/real_002765.jpg,real,original,1440,1146,False
data/RRDataset_original_train_val/val/real/real_005495.jpg,real,original,1024,683,False
data/RRDataset_original_train_val/val/real/real_003159.jpg,real,original,1056,704,False
data/RRDataset_original_train_val/val/real/real_009956.jpg,real,original,500,333,False
data/RRDataset_original_train_val/val/real/real_006186.jpg,real,original,1024,683,False
data/RRDataset_original_train_val/val/real/real_003992.jpg,real,original,1024,683,False
data/RRDataset_original_train_val/val/real/real_002716.jpg,real,original,1440,1024,False
data/RRDataset_original_train_val/val/real/real_009679.jpg,real,original,500,749,False
data/RRDataset_original_train_val/val/real/real_003539.jpg,real,original,742,1024,False
data/RRDataset_original_train_val/val/real/real_004771.jpg,real,original,1024,678,False
data/RRDataset_original_train_val/val/real/real_007349.jpg,real,original,1024,1024,False
data/RRDataset_original_train_val/val/real/real_002688.jpg,real,original,1440,962,False
data/RRDataset_original_train_val/val/real/real_003301.jpg,real,original,1024,724,False
data/RRDataset_original_train_val/val/real/real_009997.jpg,real,original,500,625,False
data/RRDataset_original_train_val/val/real/real_001723.jpg,real,original,1440,960,False
data/RRDataset_original_train_val/val/real/real_006358.jpg,real,original,1159,1500,False
data/RRDataset_original_train_val/val/real/real_000897.jpg,real,original,1080,1080,False
data/RRDataset_original_train_val/val/real/real_002037.jpg,real,original,1080,785,False
data/RRDataset_original_train_val/val/real/real_003426.jpg,real,original,1024,683,False
data/RRDataset_original_train_val/val/real/real_002770.jpg,real,original,1080,1047,False
data/RRDataset_original_train_val/val/real/real_003821.jpg,real,original,1024,683,False
data/RRDataset_original_train_val/val/real/real_008893.jpg,real,original,512,512,False
data/RRDataset_original_train_val/val/real/real_009873.jpg,real,original,500,500,False
data/RRDataset_original_train_val/val/real/real_006996.jpg,real,original,2048,1365,False
data/RRDataset_original_train_val/val/real/real_001969.jpg,real,original,1080,1080,False
data/RRDataset_original_train_val/val/real/real_004249.jpg,real,original,900,900,False
data/RRDataset_original_train_val/val/real/real_009688.jpg,real,original,500,748,False
data/RRDataset_original_train_val/val/real/real_003323.jpg,real,original,1024,683,False
data/RRDataset_original_train_val/val/real/real_002844.jpg,real,original,1440,960,False
data/RRDataset_original_train_val/val/real/real_004025.jpg,real,original,1024,683,False
data/RRDataset_original_train_val/val/real/real_000050.jpg,real,original,1440,960,False
data/RRDataset_original_train_val/val/real/real_000201.jpg,real,original,1440,960,False
